APK,APKPackage,ClassToSearch,MethodToSearch,FoundAtClass,FoundAtMethod,Arguments0,Arguments1,Arguments2,Arguments3,Unit
base.apk,br.com.brainweb.ifood,com.google.android.gms.location.LocationRequest,com.google.android.gms.location.LocationRequest setNumUpdates(int),bo.app.o1,"void a(android.content.Context,android.app.PendingIntent,bo.app.w1)",1,,,,virtualinvoke $r6.<com.google.android.gms.location.LocationRequest: com.google.android.gms.location.LocationRequest setNumUpdates(int)>(1)
base.apk,br.com.brainweb.ifood,com.google.android.gms.location.LocationRequest,com.google.android.gms.location.LocationRequest setPriority(int),bo.app.o1,"void a(android.content.Context,android.app.PendingIntent,bo.app.w1)",100,,,,virtualinvoke $r6.<com.google.android.gms.location.LocationRequest: com.google.android.gms.location.LocationRequest setPriority(int)>(100)
base.apk,br.com.brainweb.ifood,com.google.android.gms.location.LocationRequest,com.google.android.gms.location.LocationRequest setPriority(int),br.com.ifood.address.list.view.AddressListFragment,void t6(),100,,,,virtualinvoke $r1.<com.google.android.gms.location.LocationRequest: com.google.android.gms.location.LocationRequest setPriority(int)>(100)
base.apk,br.com.brainweb.ifood,com.google.android.gms.location.LocationRequest,com.google.android.gms.location.LocationRequest setPriority(int),sg1.u,void o(),100,,,,virtualinvoke $r1.<com.google.android.gms.location.LocationRequest: com.google.android.gms.location.LocationRequest setPriority(int)>(100)
base.apk,br.com.brainweb.ifood,com.google.android.gms.location.LocationRequest,com.google.android.gms.location.LocationRequest setInterval(long),sg1.u,void o(),5000,,,,virtualinvoke $r1.<com.google.android.gms.location.LocationRequest: com.google.android.gms.location.LocationRequest setInterval(long)>(5000L)
base.apk,br.com.brainweb.ifood,android.location.LocationManager,"void requestLocationUpdates(java.lang.String,long,float,android.location.LocationListener,android.os.Looper)",com.threatmetrix.TrustDefender.RL.hhuuuh,"boolean b00670067006700670067gg(android.location.LocationManager,java.lang.String,long,android.location.Criteria,android.os.Looper)",Variable,Variable,,,"virtualinvoke $r3.<android.location.LocationManager: void requestLocationUpdates(java.lang.String,long,float,android.location.LocationListener,android.os.Looper)>($r4, $l0, $f0, $r5, $r2)"
base.apk,br.com.brainweb.ifood,android.location.LocationManager,"void requestLocationUpdates(java.lang.String,long,float,android.location.LocationListener,android.os.Looper)",com.incognia.core.jcE,"void xX(java.lang.String,long,float,android.location.LocationListener,android.os.Looper)",Variable,Variable,,,"virtualinvoke $r4.<android.location.LocationManager: void requestLocationUpdates(java.lang.String,long,float,android.location.LocationListener,android.os.Looper)>($r1, $l0, $f0, $r2, $r3)"
base.apk,br.com.brainweb.ifood,android.location.LocationManager,void requestSingleUpdate\(.*\),bo.app.o,void a(java.lang.String),,,,,"virtualinvoke $r5.<android.location.LocationManager: void requestSingleUpdate(java.lang.String,android.app.PendingIntent)>($r1, $r4)"
base.apk,br.com.brainweb.ifood,android.location.LocationManager,void requestSingleUpdate\(.*\),com.incognia.core.jcE,"boolean xX(java.lang.String,android.app.PendingIntent)",,,,,"virtualinvoke $r3.<android.location.LocationManager: void requestSingleUpdate(java.lang.String,android.app.PendingIntent)>($r2, $r1)"
base.apk,br.com.brainweb.ifood,android.location.LocationManager,void requestSingleUpdate\(.*\),com.incognia.core.jcE,"boolean xX(java.lang.String,android.location.LocationListener,android.os.Looper)",,,,,"virtualinvoke $r4.<android.location.LocationManager: void requestSingleUpdate(java.lang.String,android.location.LocationListener,android.os.Looper)>($r3, $r1, $r2)"
base.apk,br.com.brainweb.ifood,.*,void requestLocationUpdates\(.*\),com.threatmetrix.TrustDefender.RL.hhuuuh,"boolean b00670067006700670067gg(android.location.LocationManager,java.lang.String,long,android.location.Criteria,android.os.Looper)",,,,,"virtualinvoke $r3.<android.location.LocationManager: void requestLocationUpdates(long,float,android.location.Criteria,android.location.LocationListener,android.os.Looper)>($l0, $f0, $r1, $r5, $r2)"
base.apk,br.com.devbase.rapidocar,com.google.android.gms.location.LocationRequest,com.google.android.gms.location.LocationRequest setPriority(int),br.com.devbase.cluberlibrary.service.GpsServiceBind,void createLocationRequest(),100,,,,virtualinvoke $r1.<com.google.android.gms.location.LocationRequest: com.google.android.gms.location.LocationRequest setPriority(int)>(100)
base.apk,br.com.devbase.rapidocar,com.google.android.gms.location.LocationRequest,com.google.android.gms.location.LocationRequest setInterval(long),br.com.devbase.cluberlibrary.service.GpsServiceBind,void createLocationRequest(),10000,,,,virtualinvoke $r1.<com.google.android.gms.location.LocationRequest: com.google.android.gms.location.LocationRequest setInterval(long)>(10000L)
base.apk,br.com.easynvest.rendafixa,android.location.LocationManager,"void requestLocationUpdates(java.lang.String,long,float,android.location.LocationListener,android.os.Looper)",com.pushio.manager.PIOLocationManager,void startListeningForLocationUpdate(),0,0.0,,,"virtualinvoke $r1.<android.location.LocationManager: void requestLocationUpdates(java.lang.String,long,float,android.location.LocationListener,android.os.Looper)>($r5, 0L, 0.0F, r0, $r6)"
base.apk,br.com.easynvest.rendafixa,.*,void requestLocationUpdates\(.*\),com.pushio.manager.PIORegistrationManager,void scheduleRegistration(boolean),,,,,virtualinvoke $r1.<com.pushio.manager.PIOLocationManager: void requestLocationUpdates()>()
base.apk,br.com.petrobras.br.ma02,com.google.android.gms.location.LocationRequest,com.google.android.gms.location.LocationRequest setPriority(int),com.reactnativecommunity.geolocation.PlayServicesLocationManager,void startObserving(com.facebook.react.bridge.ReadableMap),Variable,,,,virtualinvoke $r3.<com.google.android.gms.location.LocationRequest: com.google.android.gms.location.LocationRequest setPriority(int)>($b2)
base.apk,br.com.petrobras.br.ma02,com.google.android.gms.location.LocationRequest,com.google.android.gms.location.LocationRequest setPriority(int),com.anagog.jedai.core.service.broadcast.FusedLocationBroadcastReceiver,com.google.android.gms.location.LocationRequest setSize1(),Variable,,,,virtualinvoke $r0.<com.google.android.gms.location.LocationRequest: com.google.android.gms.location.LocationRequest setPriority(int)>($i0)
base.apk,br.com.petrobras.br.ma02,com.google.android.gms.location.LocationRequest,com.google.android.gms.location.LocationRequest setPriority(int),com.anagog.jedai.core.internal.setMicrosegmentsSnapshotReportHandler,boolean newBuilder(android.content.Context),100,,,,virtualinvoke $r2.<com.google.android.gms.location.LocationRequest: com.google.android.gms.location.LocationRequest setPriority(int)>(100)
base.apk,br.com.petrobras.br.ma02,com.google.android.gms.location.LocationRequest,com.google.android.gms.location.LocationRequest setPriority(int),com.anagog.jedai.core.internal.fillInStackTrace,com.google.android.gms.location.LocationRequest setVersion(int),Variable,,,,virtualinvoke $r0.<com.google.android.gms.location.LocationRequest: com.google.android.gms.location.LocationRequest setPriority(int)>($i0)
base.apk,br.com.petrobras.br.ma02,com.google.android.gms.location.LocationRequest,com.google.android.gms.location.LocationRequest setPriority(int),com.anagog.jedai.core.service.broadcast.FusedWakeupBroadcastReceiver$Companion,"void PlaceV1$Manifest(android.content.Context,com.google.android.gms.location.FusedLocationProviderClient)",Variable,,,,virtualinvoke $r7.<com.google.android.gms.location.LocationRequest: com.google.android.gms.location.LocationRequest setPriority(int)>($i0)
base.apk,br.com.petrobras.br.ma02,com.google.android.gms.location.LocationRequest,com.google.android.gms.location.LocationRequest setInterval(long),com.reactnativecommunity.geolocation.PlayServicesLocationManager,void startObserving(com.facebook.react.bridge.ReadableMap),Variable,,,,virtualinvoke $r3.<com.google.android.gms.location.LocationRequest: com.google.android.gms.location.LocationRequest setInterval(long)>($l1)
base.apk,br.com.petrobras.br.ma02,com.google.android.gms.location.LocationRequest,com.google.android.gms.location.LocationRequest setInterval(long),com.anagog.jedai.core.service.broadcast.FusedLocationBroadcastReceiver,com.google.android.gms.location.LocationRequest setSize1(),Variable,,,,virtualinvoke $r0.<com.google.android.gms.location.LocationRequest: com.google.android.gms.location.LocationRequest setInterval(long)>($l3)
base.apk,br.com.petrobras.br.ma02,com.google.android.gms.location.LocationRequest,com.google.android.gms.location.LocationRequest setInterval(long),com.anagog.jedai.core.internal.isEmpty,boolean PlaceV1$Manifest(com.anagog.jedai.core.internal.cs),Variable,,,,virtualinvoke $r4.<com.google.android.gms.location.LocationRequest: com.google.android.gms.location.LocationRequest setInterval(long)>($l3)
base.apk,br.com.petrobras.br.ma02,com.google.android.gms.location.LocationRequest,com.google.android.gms.location.LocationRequest setInterval(long),com.anagog.jedai.core.service.broadcast.FusedWakeupBroadcastReceiver$Companion,"void PlaceV1$Manifest(android.content.Context,com.google.android.gms.location.FusedLocationProviderClient)",Variable,,,,virtualinvoke $r7.<com.google.android.gms.location.LocationRequest: com.google.android.gms.location.LocationRequest setInterval(long)>($l5)
base.apk,br.com.petrobras.br.ma02,com.google.android.gms.location.LocationRequest,com.google.android.gms.location.LocationRequest setExpirationDuration(long),com.reactnativecommunity.geolocation.PlayServicesLocationManager,void startObserving(com.facebook.react.bridge.ReadableMap),Variable,,,,virtualinvoke $r3.<com.google.android.gms.location.LocationRequest: com.google.android.gms.location.LocationRequest setExpirationDuration(long)>($l1)
base.apk,br.com.petrobras.br.ma02,com.google.android.gms.location.FusedLocationProviderClient,"com.google.android.gms.tasks.Task requestLocationUpdates(com.google.android.gms.location.LocationRequest,android.app.PendingIntent)",com.anagog.jedai.core.service.broadcast.FusedLocationBroadcastReceiver$getVersion,"void getVersion(com.google.android.gms.location.FusedLocationProviderClient,com.google.android.gms.location.LocationRequest,android.app.PendingIntent)",,,,,"virtualinvoke $r0.<com.google.android.gms.location.FusedLocationProviderClient: com.google.android.gms.tasks.Task requestLocationUpdates(com.google.android.gms.location.LocationRequest,android.app.PendingIntent)>($r1, $r2)"
base.apk,br.com.petrobras.br.ma02,com.google.android.gms.location.FusedLocationProviderClient,"com.google.android.gms.tasks.Task requestLocationUpdates(com.google.android.gms.location.LocationRequest,android.app.PendingIntent)",com.anagog.jedai.core.service.broadcast.FusedWakeupBroadcastReceiver$Companion,"void PlaceV1$Manifest(android.content.Context,com.google.android.gms.location.FusedLocationProviderClient)",,,,,"virtualinvoke $r1.<com.google.android.gms.location.FusedLocationProviderClient: com.google.android.gms.tasks.Task requestLocationUpdates(com.google.android.gms.location.LocationRequest,android.app.PendingIntent)>($r7, $r9)"
base.apk,br.com.petrobras.br.ma02,android.location.LocationManager,"void requestLocationUpdates(java.lang.String,long,float,android.location.LocationListener)",w2,"void a(android.location.LocationManager,v2$a,u2)",0,0.0,,,"virtualinvoke $r1.<android.location.LocationManager: void requestLocationUpdates(java.lang.String,long,float,android.location.LocationListener)>(""gps"", 0L, 0.0F, $r4)"
base.apk,br.com.petrobras.br.ma02,android.location.LocationManager,"void requestLocationUpdates(java.lang.String,long,float,android.location.LocationListener)",w2,"void a(android.location.LocationManager,v2$a,u2)",1000,0.0,,,"virtualinvoke $r1.<android.location.LocationManager: void requestLocationUpdates(java.lang.String,long,float,android.location.LocationListener)>(""network"", 1000L, 0.0F, $r4)"
base.apk,br.com.petrobras.br.ma02,android.location.LocationManager,"void requestLocationUpdates(java.lang.String,long,float,android.location.LocationListener)",com.reactnativecommunity.geolocation.AndroidLocationManager,void startObserving(com.facebook.react.bridge.ReadableMap),1000,Variable,,,"virtualinvoke $r8.<android.location.LocationManager: void requestLocationUpdates(java.lang.String,long,float,android.location.LocationListener)>($r3, 1000L, $f0, $r1)"
base.apk,br.com.petrobras.br.ma02,android.location.LocationManager,"void requestLocationUpdates(java.lang.String,long,float,android.location.LocationListener)",com.reactnativecommunity.geolocation.AndroidLocationManager$SingleUpdateRequest,void invoke(android.location.Location),100,1.0,,,"virtualinvoke $r3.<android.location.LocationManager: void requestLocationUpdates(java.lang.String,long,float,android.location.LocationListener)>($r4, 100L, 1.0F, $r1)"
base.apk,br.com.petrobras.br.ma02,android.location.LocationManager,"void requestLocationUpdates(java.lang.String,long,float,android.location.LocationListener,android.os.Looper)",com.anagog.jedai.core.internal.writeReplace,boolean PlaceV1$Manifest(com.anagog.jedai.core.internal.cs),Variable,Variable,,,"virtualinvoke $r3.<android.location.LocationManager: void requestLocationUpdates(java.lang.String,long,float,android.location.LocationListener,android.os.Looper)>($r4, $l2, $f0, $r7, $r9)"
base.apk,br.com.petrobras.br.ma02,android.location.LocationManager,void requestSingleUpdate\(.*\),com.kount.api.LocationCollector,void makeLocationRequest(java.lang.String),,,,,"virtualinvoke $r3.<android.location.LocationManager: void requestSingleUpdate(java.lang.String,android.location.LocationListener,android.os.Looper)>($r2, r0, null)"
base.apk,co.garupa,android.location.LocationManager,"void requestLocationUpdates(java.lang.String,long,float,android.location.LocationListener)",com.reactnativecommunity.geolocation.GeolocationModule$SingleUpdateRequest,void invoke(android.location.Location),100,1.0,,,"virtualinvoke $r3.<android.location.LocationManager: void requestLocationUpdates(java.lang.String,long,float,android.location.LocationListener)>($r4, 100L, 1.0F, $r1)"
base.apk,co.garupa,android.location.LocationManager,"void requestLocationUpdates(java.lang.String,long,float,android.location.LocationListener)",com.reactnativecommunity.geolocation.GeolocationModule,void startObserving(com.facebook.react.bridge.ReadableMap),1000,Variable,,,"virtualinvoke $r8.<android.location.LocationManager: void requestLocationUpdates(java.lang.String,long,float,android.location.LocationListener)>($r3, 1000L, $f0, $r1)"
base.apk,com.a123milhas.app,android.location.LocationManager,"void requestLocationUpdates(java.lang.String,long,float,android.location.LocationListener,android.os.Looper)",com.pushio.manager.i0,void j(),0,0.0,,,"virtualinvoke $r1.<android.location.LocationManager: void requestLocationUpdates(java.lang.String,long,float,android.location.LocationListener,android.os.Looper)>($r5, 0L, 0.0F, r0, $r6)"
split_wallet.apk,com.alibaba.aliexpresshd,android.location.LocationManager,"void requestLocationUpdates(java.lang.String,long,float,android.location.LocationListener)",com.zoloz.stack.lite.aplog.core.c.f,void b(android.content.Context),1000,0.0,,,"virtualinvoke $r5.<android.location.LocationManager: void requestLocationUpdates(java.lang.String,long,float,android.location.LocationListener)>(""network"", 1000L, 0.0F, r0)"
base.apk,com.amazon.dee.app,com.google.android.gms.location.LocationRequest,com.google.android.gms.location.LocationRequest setPriority(int),com.amazon.alexa.sensor.location.LocationApiManager,void setConfiguration(java.util.Collection),100,,,,virtualinvoke $r8.<com.google.android.gms.location.LocationRequest: com.google.android.gms.location.LocationRequest setPriority(int)>(100)
base.apk,com.amazon.dee.app,com.google.android.gms.location.LocationRequest,com.google.android.gms.location.LocationRequest setPriority(int),com.amazon.alexa.location.GeofenceController,io.reactivex.rxjava3.core.Single getLocationSettings(),105,,,,virtualinvoke $r1.<com.google.android.gms.location.LocationRequest: com.google.android.gms.location.LocationRequest setPriority(int)>(105)
base.apk,com.amazon.dee.app,com.google.android.gms.location.LocationRequest,com.google.android.gms.location.LocationRequest setInterval(long),com.amazon.alexa.sensor.location.LocationApiManager,void setConfiguration(java.util.Collection),Variable,,,,virtualinvoke $r8.<com.google.android.gms.location.LocationRequest: com.google.android.gms.location.LocationRequest setInterval(long)>($l3)
base.apk,com.amazon.dee.app,com.google.android.gms.location.LocationRequest,com.google.android.gms.location.LocationRequest setInterval(long),com.amazon.alexa.location.phase3.sensor.nativelocation.NativeLocationSensor,void startInternal(com.amazon.alexa.location.phase3.SensorController$SensorState),300000,,,,virtualinvoke $r3.<com.google.android.gms.location.LocationRequest: com.google.android.gms.location.LocationRequest setInterval(long)>(300000L)
base.apk,com.amazon.dee.app,com.google.android.gms.location.LocationRequest,com.google.android.gms.location.LocationRequest setInterval(long),com.amazon.alexa.location.phase3.sensor.nativelocation.NativeLocationSensor,void startInternal(com.amazon.alexa.location.phase3.SensorController$SensorState),10000,,,,virtualinvoke $r3.<com.google.android.gms.location.LocationRequest: com.google.android.gms.location.LocationRequest setInterval(long)>(10000L)
base.apk,com.amazon.dee.app,com.google.android.gms.location.FusedLocationProviderClient,"com.google.android.gms.tasks.Task requestLocationUpdates(com.google.android.gms.location.LocationRequest,android.app.PendingIntent)",com.amazon.alexa.location.phase3.sensor.nativelocation.NativeLocationSensor,void startInternal(com.amazon.alexa.location.phase3.SensorController$SensorState),,,,,"virtualinvoke $r5.<com.google.android.gms.location.FusedLocationProviderClient: com.google.android.gms.tasks.Task requestLocationUpdates(com.google.android.gms.location.LocationRequest,android.app.PendingIntent)>($r3, $r1)"
base.apk,com.amazon.dee.app,android.location.LocationManager,"void requestLocationUpdates(java.lang.String,long,float,android.location.LocationListener)",com.amazon.alexa.pYn,void run(),60000,10.0,,,"virtualinvoke $r2.<android.location.LocationManager: void requestLocationUpdates(java.lang.String,long,float,android.location.LocationListener)>($r6, 60000L, 10.0F, $r1)"
base.apk,com.amazon.dee.app,android.location.LocationManager,"void requestLocationUpdates(java.lang.String,long,float,android.location.LocationListener)",com.amazon.alexa.drive.navigation.CurrentLocationManager,void startLocationTracking(),60000,100.0,,,"virtualinvoke $r4.<android.location.LocationManager: void requestLocationUpdates(java.lang.String,long,float,android.location.LocationListener)>($r1, 60000L, 100.0F, r0)"
base.apk,com.android.browser,android.location.LocationManager,"void requestLocationUpdates(java.lang.String,long,float,android.location.LocationListener,android.os.Looper)",com.facebook.places.internal.LocationScannerImpl,android.location.Location getFreshLocation(),100,0.0,,,"virtualinvoke $r8.<android.location.LocationManager: void requestLocationUpdates(java.lang.String,long,float,android.location.LocationListener,android.os.Looper)>($r7, 100L, 0.0F, r0, $r9)"
base.apk,com.android.browser,.*,void requestLocationUpdates\(.*\),com.miui.org.chromium.device.geolocation.LocationProviderAndroid,void registerForLocationUpdates(boolean),,,,,"virtualinvoke $r5.<android.location.LocationManager: void requestLocationUpdates(long,float,android.location.Criteria,android.location.LocationListener,android.os.Looper)>(0L, 0.0F, $r1, r0, $r6)"
base.apk,com.android.chrome,.*,void requestLocationUpdates\(.*\),vK1,void a(boolean),,,,,"virtualinvoke $r5.<android.location.LocationManager: void requestLocationUpdates(long,float,android.location.Criteria,android.location.LocationListener,android.os.Looper)>(0L, 0.0F, $r1, r0, $r10)"
split_chrome.apk,com.android.chrome,android.location.LocationManager,void requestSingleUpdate\(.*\),org.chromium.chrome.browser.omnibox.geo.GeolocationHeader,"void f(org.chromium.chrome.browser.profiles.Profile,org.chromium.components.search_engines.TemplateUrlService)",,,,,"virtualinvoke $r7.<android.location.LocationManager: void requestSingleUpdate(java.lang.String,android.location.LocationListener,android.os.Looper)>(""network"", $r6, null)"
base.apk,com.android.providers.downloads.ui,android.location.LocationManager,"void requestLocationUpdates(java.lang.String,long,float,android.location.LocationListener,android.os.Looper)",com.yandex.metrica.impl.ob.lq,"boolean a(java.lang.String,float,long,android.location.LocationListener,android.os.Looper)",Variable,Variable,,,"virtualinvoke $r3.<android.location.LocationManager: void requestLocationUpdates(java.lang.String,long,float,android.location.LocationListener,android.os.Looper)>($r5, $l0, $f0, $r1, $r2)"
base.apk,com.android.soundrecorder,android.location.LocationManager,"void requestLocationUpdates(java.lang.String,long,float,android.location.LocationListener)",com.miui.maml.data.LocationBinder,void registerListener(),Variable,Variable,,,"virtualinvoke $r1.<android.location.LocationManager: void requestLocationUpdates(java.lang.String,long,float,android.location.LocationListener)>($r2, $l0, $f0, $r3)"
base.apk,com.android.thememanager,android.location.LocationManager,"void requestLocationUpdates(java.lang.String,long,float,android.location.LocationListener)",miuix.hybrid.c0.c,"miuix.hybrid.z c(android.location.LocationManager,miuix.hybrid.y)",0,0.0,,,"virtualinvoke $r3.<android.location.LocationManager: void requestLocationUpdates(java.lang.String,long,float,android.location.LocationListener)>($r1, 0L, 0.0F, $r2)"
base.apk,com.android.thememanager,android.location.LocationManager,"void requestLocationUpdates(java.lang.String,long,float,android.location.LocationListener,android.os.Looper)",c.j.i.b0,"void a(android.location.LocationManager,java.lang.String,androidx.core.os.c,java.util.concurrent.Executor,c.j.o.c)",0,0.0,,,"virtualinvoke $r4.<android.location.LocationManager: void requestLocationUpdates(java.lang.String,long,float,android.location.LocationListener,android.os.Looper)>($r0, 0L, 0.0F, $r7, $r8)"
base.apk,com.android.thememanager,android.location.LocationManager,"void requestLocationUpdates(java.lang.String,long,float,android.location.LocationListener,android.os.Looper)",c.j.i.b0,"void a(android.location.LocationManager,java.lang.String,c.j.i.c0,c.j.i.a0,android.os.Looper)",Variable,Variable,,,"virtualinvoke $r0.<android.location.LocationManager: void requestLocationUpdates(java.lang.String,long,float,android.location.LocationListener,android.os.Looper)>($r1, $l1, $f0, $r3, $r4)"
base.apk,com.android.thememanager,android.location.LocationManager,"void requestLocationUpdates(java.lang.String,long,float,android.location.LocationListener,android.os.Looper)",c.j.i.b0,"void a(android.location.LocationManager,java.lang.String,c.j.i.c0,java.util.concurrent.Executor,c.j.i.a0)",Variable,Variable,,,"virtualinvoke $r0.<android.location.LocationManager: void requestLocationUpdates(java.lang.String,long,float,android.location.LocationListener,android.os.Looper)>($r1, $l1, $f0, $r22, $r24)"
base.apk,com.android.thememanager,android.location.LocationManager,"void requestLocationUpdates(java.lang.String,android.location.LocationRequest,java.util.concurrent.Executor,android.location.LocationListener)",c.j.i.b0$d,"void a(android.location.LocationManager,java.lang.String,android.location.LocationRequest,java.util.concurrent.Executor,android.location.LocationListener)",,,,,"virtualinvoke $r0.<android.location.LocationManager: void requestLocationUpdates(java.lang.String,android.location.LocationRequest,java.util.concurrent.Executor,android.location.LocationListener)>($r1, $r2, $r3, $r4)"
base.apk,com.android.thememanager,.*,void .*\(.*android.location.LocationRequest.*\),c.j.i.b0,"void a(android.location.LocationManager,java.lang.String,c.j.i.c0,c.j.i.a0,android.os.Looper)",,,,,"staticinvoke <c.j.i.b0$d: void a(android.location.LocationManager,java.lang.String,android.location.LocationRequest,java.util.concurrent.Executor,android.location.LocationListener)>($r0, $r1, $r13, $r15, $r3)"
base.apk,com.android.thememanager,.*,void .*\(.*android.location.LocationRequest.*\),c.j.i.b0,"void a(android.location.LocationManager,java.lang.String,c.j.i.c0,java.util.concurrent.Executor,c.j.i.a0)",,,,,"staticinvoke <c.j.i.b0$d: void a(android.location.LocationManager,java.lang.String,android.location.LocationRequest,java.util.concurrent.Executor,android.location.LocationListener)>($r0, $r1, $r17, $r3, $r4)"
base.apk,com.b2w.americanas,com.google.android.gms.location.LocationRequest,com.google.android.gms.location.LocationRequest setPriority(int),yourdev.modoloja.barcodereader.BarCodeReaderActivity,void createLocationRequest(),100,,,,virtualinvoke $r1.<com.google.android.gms.location.LocationRequest: com.google.android.gms.location.LocationRequest setPriority(int)>(100)
base.apk,com.b2w.americanas,com.google.android.gms.location.LocationRequest,com.google.android.gms.location.LocationRequest setPriority(int),com.yourdev.b2w.core.helpers.geolocation.GeolocationHelper,void createLocationRequest(),100,,,,virtualinvoke $r1.<com.google.android.gms.location.LocationRequest: com.google.android.gms.location.LocationRequest setPriority(int)>(100)
base.apk,com.b2w.americanas,com.google.android.gms.location.LocationRequest,com.google.android.gms.location.LocationRequest setPriority(int),com.flowsense.flowsensesdk.InAppEvent.InAppEvent,"void SaveAndSendGeolocalizedEvent(android.content.Context,java.lang.String,java.util.Map)",102,,,,virtualinvoke $r7.<com.google.android.gms.location.LocationRequest: com.google.android.gms.location.LocationRequest setPriority(int)>(102)
base.apk,com.b2w.americanas,com.google.android.gms.location.LocationRequest,com.google.android.gms.location.LocationRequest setPriority(int),br.com.americanas.restaurantes.features.address.view.address.AddressScreenKt,boolean turnOnGPS(android.content.Context),100,,,,virtualinvoke $r1.<com.google.android.gms.location.LocationRequest: com.google.android.gms.location.LocationRequest setPriority(int)>(100)
base.apk,com.b2w.americanas,com.google.android.gms.location.LocationRequest,com.google.android.gms.location.LocationRequest setPriority(int),br.com.americanas.restaurantes.features.confirmaddress.viewmodel.ConfirmAddressViewModel,"void enableGps(android.content.Context,kotlin.jvm.functions.Function1)",100,,,,virtualinvoke $r3.<com.google.android.gms.location.LocationRequest: com.google.android.gms.location.LocationRequest setPriority(int)>(100)
base.apk,com.b2w.americanas,com.google.android.gms.location.LocationRequest,com.google.android.gms.location.LocationRequest setInterval(long),yourdev.modoloja.barcodereader.BarCodeReaderActivity,void createLocationRequest(),1000,,,,virtualinvoke $r1.<com.google.android.gms.location.LocationRequest: com.google.android.gms.location.LocationRequest setInterval(long)>(1000L)
base.apk,com.b2w.americanas,com.google.android.gms.location.LocationRequest,com.google.android.gms.location.LocationRequest setInterval(long),com.yourdev.b2w.core.helpers.geolocation.GeolocationHelper,void createLocationRequest(),1000,,,,virtualinvoke $r1.<com.google.android.gms.location.LocationRequest: com.google.android.gms.location.LocationRequest setInterval(long)>(1000L)
base.apk,com.b2w.americanas,com.google.android.gms.location.LocationRequest,com.google.android.gms.location.LocationRequest setInterval(long),com.flowsense.flowsensesdk.InAppEvent.InAppEvent,"void SaveAndSendGeolocalizedEvent(android.content.Context,java.lang.String,java.util.Map)",120000,,,,virtualinvoke $r7.<com.google.android.gms.location.LocationRequest: com.google.android.gms.location.LocationRequest setInterval(long)>(120000L)
base.apk,com.b2w.americanas,com.google.android.gms.location.LocationRequest,com.google.android.gms.location.LocationRequest setInterval(long),br.com.americanas.restaurantes.features.address.view.address.AddressScreenKt,boolean turnOnGPS(android.content.Context),2000,,,,virtualinvoke $r1.<com.google.android.gms.location.LocationRequest: com.google.android.gms.location.LocationRequest setInterval(long)>(2000L)
base.apk,com.b2w.americanas,com.google.android.gms.location.LocationRequest,com.google.android.gms.location.LocationRequest setInterval(long),br.com.americanas.restaurantes.features.confirmaddress.viewmodel.ConfirmAddressViewModel,"void enableGps(android.content.Context,kotlin.jvm.functions.Function1)",2000,,,,virtualinvoke $r3.<com.google.android.gms.location.LocationRequest: com.google.android.gms.location.LocationRequest setInterval(long)>(2000L)
base.apk,com.b2w.americanas,android.location.LocationManager,"void requestLocationUpdates(java.lang.String,long,float,android.location.LocationListener)",com.flowsense.flowsensesdk.LocationService.GetInstantLocation,"int onStartCommand(android.content.Intent,int,int)",0,0.0,,,"virtualinvoke $r7.<android.location.LocationManager: void requestLocationUpdates(java.lang.String,long,float,android.location.LocationListener)>(""gps"", 0L, 0.0F, $r9)"
base.apk,com.b2w.americanas,android.location.LocationManager,"void requestLocationUpdates(java.lang.String,long,float,android.location.LocationListener)",com.flowsense.flowsensesdk.LocationService.GetInstantLocation,"int onStartCommand(android.content.Intent,int,int)",0,0.0,,,"virtualinvoke $r7.<android.location.LocationManager: void requestLocationUpdates(java.lang.String,long,float,android.location.LocationListener)>(""network"", 0L, 0.0F, $r9)"
base.apk,com.b2w.americanas,android.location.LocationManager,"void requestLocationUpdates(java.lang.String,long,float,android.location.LocationListener,android.os.Looper)",a.a.a.a.b.a.b,"void b(android.content.Context,a.a.a.a.b.k)",1000,100.0,,,"virtualinvoke $r7.<android.location.LocationManager: void requestLocationUpdates(java.lang.String,long,float,android.location.LocationListener,android.os.Looper)>(""network"", 1000L, 100.0F, $r9, $r8)"
base.apk,com.b2w.americanas,android.location.LocationManager,"void requestLocationUpdates(java.lang.String,long,float,android.location.LocationListener,android.os.Looper)",a.a.a.a.b.a.b,"void b(android.content.Context,a.a.a.a.b.k)",1000,100.0,,,"virtualinvoke $r7.<android.location.LocationManager: void requestLocationUpdates(java.lang.String,long,float,android.location.LocationListener,android.os.Looper)>(""gps"", 1000L, 100.0F, $r9, $r8)"
base.apk,com.b2w.americanas,android.location.LocationManager,"void requestLocationUpdates(java.lang.String,long,float,android.location.LocationListener,android.os.Looper)",com.incognia.core.lk,"void a(java.lang.String,long,float,android.location.LocationListener,android.os.Looper)",Variable,Variable,,,"virtualinvoke $r4.<android.location.LocationManager: void requestLocationUpdates(java.lang.String,long,float,android.location.LocationListener,android.os.Looper)>($r1, $l0, $f0, $r2, $r3)"
base.apk,com.b2w.americanas,android.location.LocationManager,"void requestLocationUpdates(java.lang.String,long,float,android.location.LocationListener,android.os.Looper)",com.pushio.manager.PIOLocationManager,void startListeningForLocationUpdate(),0,0.0,,,"virtualinvoke $r1.<android.location.LocationManager: void requestLocationUpdates(java.lang.String,long,float,android.location.LocationListener,android.os.Looper)>($r5, 0L, 0.0F, r0, $r6)"
base.apk,com.b2w.americanas,android.location.LocationManager,"void requestLocationUpdates(java.lang.String,long,float,android.location.LocationListener,android.os.Looper)",com.forter.mobile.fortersdk.integrationkit.LocationChangesListener,"void registerForUpdates(android.content.Context,int,int)",Variable,Variable,,,"virtualinvoke $r3.<android.location.LocationManager: void requestLocationUpdates(java.lang.String,long,float,android.location.LocationListener,android.os.Looper)>(""gps"", $l0, $f0, r0, $r4)"
base.apk,com.b2w.americanas,android.location.LocationManager,void requestSingleUpdate\(.*\),com.incognia.core.lk,"boolean a(java.lang.String,android.app.PendingIntent)",,,,,"virtualinvoke $r3.<android.location.LocationManager: void requestSingleUpdate(java.lang.String,android.app.PendingIntent)>($r2, $r1)"
base.apk,com.b2w.americanas,android.location.LocationManager,void requestSingleUpdate\(.*\),com.incognia.core.lk,"boolean a(java.lang.String,android.location.LocationListener,android.os.Looper)",,,,,"virtualinvoke $r4.<android.location.LocationManager: void requestSingleUpdate(java.lang.String,android.location.LocationListener,android.os.Looper)>($r3, $r1, $r2)"
base.apk,com.b2w.americanas,android.location.LocationManager,void requestSingleUpdate\(.*\),com.b2w.droidwork.activity.AddressSelectActivity,void requestLocationUpdate(),,,,,"virtualinvoke $r2.<android.location.LocationManager: void requestSingleUpdate(android.location.Criteria,android.location.LocationListener,android.os.Looper)>($r3, $r4, null)"
base.apk,com.b2w.americanas,.*,void requestLocationUpdates\(.*\),com.pushio.manager.PIORegistrationManager,void scheduleRegistration(boolean),,,,,virtualinvoke $r1.<com.pushio.manager.PIOLocationManager: void requestLocationUpdates()>()
base.apk,com.canva.editor,com.google.android.gms.location.LocationRequest,com.google.android.gms.location.LocationRequest setNumUpdates(int),bo.app.m4,"void a(android.content.Context,android.app.PendingIntent,bo.app.u1)",1,,,,virtualinvoke $r4.<com.google.android.gms.location.LocationRequest: com.google.android.gms.location.LocationRequest setNumUpdates(int)>(1)
base.apk,com.canva.editor,com.google.android.gms.location.LocationRequest,com.google.android.gms.location.LocationRequest setPriority(int),bo.app.m4,"void a(android.content.Context,android.app.PendingIntent,bo.app.u1)",100,,,,virtualinvoke $r4.<com.google.android.gms.location.LocationRequest: com.google.android.gms.location.LocationRequest setPriority(int)>(100)
base.apk,com.canva.editor,android.location.LocationManager,void requestSingleUpdate\(.*\),bo.app.m1,void a(java.lang.String),,,,,"virtualinvoke $r5.<android.location.LocationManager: void requestSingleUpdate(java.lang.String,android.app.PendingIntent)>($r1, $r4)"
base.apk,com.drilens.wamr,android.location.LocationManager,void requestSingleUpdate\(.*\),com.inmobi.media.ig,void b(),,,,,"virtualinvoke $r4.<android.location.LocationManager: void requestSingleUpdate(java.lang.String,android.location.LocationListener,android.os.Looper)>($r6, r0, $r8)"
base.apk,com.facebook.katana,android.location.LocationManager,"void requestLocationUpdates(java.lang.String,long,float,android.location.LocationListener)",X.0Ep,"void A02(android.location.LocationListener,android.location.LocationManager,java.lang.String,float,long)",Variable,Variable,,,"virtualinvoke $r1.<android.location.LocationManager: void requestLocationUpdates(java.lang.String,long,float,android.location.LocationListener)>($r2, $l0, $f0, $r0)"
base.apk,com.flightradar24free,com.google.android.gms.location.LocationRequest,com.google.android.gms.location.LocationRequest setNumUpdates(int),com.flightradar24free.service.geofence.GeofenceUpdateJob,void n(),1,,,,virtualinvoke $r1.<com.google.android.gms.location.LocationRequest: com.google.android.gms.location.LocationRequest setNumUpdates(int)>(1)
base.apk,com.flightradar24free,com.google.android.gms.location.LocationRequest,com.google.android.gms.location.LocationRequest setPriority(int),k31,"void i(long,g21,g21)",102,,,,virtualinvoke $r5.<com.google.android.gms.location.LocationRequest: com.google.android.gms.location.LocationRequest setPriority(int)>(102)
base.apk,com.flightradar24free,com.google.android.gms.location.LocationRequest,com.google.android.gms.location.LocationRequest setPriority(int),com.flightradar24free.MainActivity,void Q9(),100,,,,virtualinvoke $r6.<com.google.android.gms.location.LocationRequest: com.google.android.gms.location.LocationRequest setPriority(int)>(100)
base.apk,com.flightradar24free,com.google.android.gms.location.LocationRequest,com.google.android.gms.location.LocationRequest setPriority(int),com.flightradar24free.service.geofence.GeofenceUpdateJob,void n(),102,,,,virtualinvoke $r1.<com.google.android.gms.location.LocationRequest: com.google.android.gms.location.LocationRequest setPriority(int)>(102)
base.apk,com.flightradar24free,com.google.android.gms.location.LocationRequest,com.google.android.gms.location.LocationRequest setInterval(long),k31,"void i(long,g21,g21)",0,,,,virtualinvoke $r5.<com.google.android.gms.location.LocationRequest: com.google.android.gms.location.LocationRequest setInterval(long)>(0L)
base.apk,com.flightradar24free,com.google.android.gms.location.LocationRequest,com.google.android.gms.location.LocationRequest setInterval(long),com.flightradar24free.MainActivity,void Q9(),30000,,,,virtualinvoke $r6.<com.google.android.gms.location.LocationRequest: com.google.android.gms.location.LocationRequest setInterval(long)>(30000L)
base.apk,com.flightradar24free,com.google.android.gms.location.LocationRequest,com.google.android.gms.location.LocationRequest setExpirationDuration(long),com.flightradar24free.service.geofence.GeofenceUpdateJob,void n(),2000,,,,virtualinvoke $r1.<com.google.android.gms.location.LocationRequest: com.google.android.gms.location.LocationRequest setExpirationDuration(long)>(2000L)
base.apk,com.flightradar24free,com.google.android.gms.location.FusedLocationProviderClient,"com.google.android.gms.tasks.Task requestLocationUpdates(com.google.android.gms.location.LocationRequest,android.app.PendingIntent)",com.flightradar24free.service.geofence.GeofenceUpdateJob,void n(),,,,,"virtualinvoke $r4.<com.google.android.gms.location.FusedLocationProviderClient: com.google.android.gms.tasks.Task requestLocationUpdates(com.google.android.gms.location.LocationRequest,android.app.PendingIntent)>($r1, $r2)"
base.apk,com.flightradar24free,android.location.LocationManager,void requestSingleUpdate\(.*\),com.inmobi.media.iu,void b(),,,,,"virtualinvoke $r4.<android.location.LocationManager: void requestSingleUpdate(java.lang.String,android.location.LocationListener,android.os.Looper)>($r6, r0, $r8)"
base.apk,com.globo.g1.app,android.location.LocationManager,"void requestLocationUpdates(java.lang.String,long,float,android.location.LocationListener)",com.urbanairship.location.StandardLocationAdapter$SingleLocationRequest,void m(android.content.Context),0,0.0,,,"virtualinvoke $r2.<android.location.LocationManager: void requestLocationUpdates(java.lang.String,long,float,android.location.LocationListener)>($r4, 0L, 0.0F, $r3)"
base.apk,com.globo.g1.app,android.location.LocationManager,"void requestLocationUpdates(java.lang.String,long,float,android.location.LocationListener)",com.urbanairship.location.StandardLocationAdapter$SingleLocationRequest,void n(),9223372036854775807,3.4028235E38,,,"virtualinvoke $r2.<android.location.LocationManager: void requestLocationUpdates(java.lang.String,long,float,android.location.LocationListener)>($r7, 9223372036854775807L, 3.4028235E38F, $r1)"
base.apk,com.globo.g1.app,android.location.LocationManager,"void requestLocationUpdates(java.lang.String,long,float,android.app.PendingIntent)",com.urbanairship.location.StandardLocationAdapter,"void b(android.content.Context,com.urbanairship.location.LocationRequestOptions,android.app.PendingIntent)",9223372036854775807,3.4028235E38,,,"virtualinvoke $r6.<android.location.LocationManager: void requestLocationUpdates(java.lang.String,long,float,android.app.PendingIntent)>($r9, 9223372036854775807L, 3.4028235E38F, $r2)"
base.apk,com.globo.g1.app,android.location.LocationManager,"void requestLocationUpdates(java.lang.String,long,float,android.app.PendingIntent)",com.urbanairship.location.StandardLocationAdapter,"void b(android.content.Context,com.urbanairship.location.LocationRequestOptions,android.app.PendingIntent)",Variable,Variable,,,"virtualinvoke $r6.<android.location.LocationManager: void requestLocationUpdates(java.lang.String,long,float,android.app.PendingIntent)>($r9, $l0, $f0, $r2)"
base.apk,com.google.android.dialer,android.location.LocationManager,"void requestLocationUpdates(java.lang.String,long,float,android.app.PendingIntent)",dgi,java.lang.Object a(),43200000,5000.0,,,"virtualinvoke $r10.<android.location.LocationManager: void requestLocationUpdates(java.lang.String,long,float,android.app.PendingIntent)>(""passive"", 43200000L, 5000.0F, $r9)"
base.apk,com.google.android.dialer,.*,void .*\(.*android.location.LocationRequest.*\),elf,java.lang.Object a(java.lang.Object),,,,,"virtualinvoke $r65.<android.location.LocationManager: void requestLocationUpdates(android.location.LocationRequest,android.location.LocationListener,android.os.Looper)>($r64, $r91, $r68)"
base.apk,com.google.ar.core,android.location.LocationManager,"void requestLocationUpdates(java.lang.String,long,float,android.location.LocationListener)",com.google.ar.core.services.LocationProvider,void lambda$setEnabled$0$com-google-ar-core-services-LocationProvider(),0,0.0,,,"virtualinvoke $r1.<android.location.LocationManager: void requestLocationUpdates(java.lang.String,long,float,android.location.LocationListener)>($r6, 0L, 0.0F, $r2)"
base.apk,com.imdb.mobile,android.location.LocationManager,"void requestLocationUpdates(java.lang.String,long,float,android.location.LocationListener)",com.imdb.mobile.location.PlatformServicesLocationProvider,boolean requestLocationUpdates(com.imdb.mobile.location.LocationProviderCallback),Variable,1000.0,,,"virtualinvoke $r10.<android.location.LocationManager: void requestLocationUpdates(java.lang.String,long,float,android.location.LocationListener)>(""network"", $l0, 1000.0F, $r1)"
base.apk,com.imdb.mobile,android.location.LocationManager,void requestSingleUpdate\(.*\),com.imdb.mobile.location.PlatformServicesLocationProvider,com.imdb.mobile.location.IMDbLocation$LatLongLocation getCurrentLocation(),,,,,"virtualinvoke $r3.<android.location.LocationManager: void requestSingleUpdate(java.lang.String,android.location.LocationListener,android.os.Looper)>($r4, $r5, $r6)"
base.apk,com.kwai.video,android.location.LocationManager,"void requestLocationUpdates(java.lang.String,long,float,android.location.LocationListener,android.os.Looper)",o70.g,void subscribe(io.reactivex.ObservableEmitter),1000,0.0,,,"virtualinvoke $r6.<android.location.LocationManager: void requestLocationUpdates(java.lang.String,long,float,android.location.LocationListener,android.os.Looper)>(""gps"", 1000L, 0.0F, $r2, $r9)"
base.apk,com.kwai.video,android.location.LocationManager,"void requestLocationUpdates(java.lang.String,long,float,android.location.LocationListener,android.os.Looper)",o70.g,void subscribe(io.reactivex.ObservableEmitter),1000,0.0,,,"virtualinvoke $r6.<android.location.LocationManager: void requestLocationUpdates(java.lang.String,long,float,android.location.LocationListener,android.os.Looper)>(""network"", 1000L, 0.0F, $r2, $r9)"
base.apk,com.kwai.video,android.location.LocationManager,"void requestLocationUpdates(java.lang.String,long,float,android.location.LocationListener,android.os.Looper)",o70.g,void subscribe(io.reactivex.ObservableEmitter),1000,0.0,,,"virtualinvoke $r6.<android.location.LocationManager: void requestLocationUpdates(java.lang.String,long,float,android.location.LocationListener,android.os.Looper)>(""passive"", 1000L, 0.0F, $r2, $r9)"
base.apk,com.linkedin.android,com.google.android.gms.location.LocationRequest,com.google.android.gms.location.LocationRequest setPriority(int),com.linkedin.android.infra.gms.GeoLocatorImpl,void displayGoogleLocationRequestDialog(android.app.Activity),100,,,,virtualinvoke $r5.<com.google.android.gms.location.LocationRequest: com.google.android.gms.location.LocationRequest setPriority(int)>(100)
base.apk,com.linkedin.android,com.google.android.gms.location.LocationRequest,com.google.android.gms.location.LocationRequest setPriority(int),com.linkedin.android.infra.gms.GeoLocatorImpl,void lookupLocationByFusedLocationApi(com.google.android.gms.location.LocationListener),100,,,,virtualinvoke $r26.<com.google.android.gms.location.LocationRequest: com.google.android.gms.location.LocationRequest setPriority(int)>(100)
base.apk,com.linkedin.android,com.google.android.gms.location.LocationRequest,com.google.android.gms.location.LocationRequest setInterval(long),com.linkedin.android.infra.gms.GeoLocatorImpl,void displayGoogleLocationRequestDialog(android.app.Activity),0,,,,virtualinvoke $r5.<com.google.android.gms.location.LocationRequest: com.google.android.gms.location.LocationRequest setInterval(long)>(0L)
base.apk,com.linkedin.android,com.google.android.gms.location.LocationRequest,com.google.android.gms.location.LocationRequest setInterval(long),com.linkedin.android.infra.gms.GeoLocatorImpl,void lookupLocationByFusedLocationApi(com.google.android.gms.location.LocationListener),0,,,,virtualinvoke $r26.<com.google.android.gms.location.LocationRequest: com.google.android.gms.location.LocationRequest setInterval(long)>(0L)
base.apk,com.linkedin.android,android.location.LocationManager,"void requestLocationUpdates(java.lang.String,long,float,android.location.LocationListener)",com.linkedin.android.infra.gms.GeoLocatorImpl,void startMonitoringLocation(int),0,0.0,,,"virtualinvoke $r5.<android.location.LocationManager: void requestLocationUpdates(java.lang.String,long,float,android.location.LocationListener)>($r3, 0L, 0.0F, $r1)"
base.apk,com.luizalabs.mlapp,com.google.android.gms.location.LocationRequest,com.google.android.gms.location.LocationRequest setPriority(int),mz.he.h,com.google.android.gms.location.LocationRequest e(),100,,,,virtualinvoke $r0.<com.google.android.gms.location.LocationRequest: com.google.android.gms.location.LocationRequest setPriority(int)>(100)
base.apk,com.luizalabs.mlapp,com.google.android.gms.location.LocationRequest,com.google.android.gms.location.LocationRequest setInterval(long),mz.he.h,com.google.android.gms.location.LocationRequest e(),500,,,,virtualinvoke $r0.<com.google.android.gms.location.LocationRequest: com.google.android.gms.location.LocationRequest setInterval(long)>(500L)
base.apk,com.luizalabs.mlapp,.*,void requestLocationUpdates\(.*\),com.threatmetrix.TrustDefender.dddggg,void b044B?????044B(),,,,,"virtualinvoke $r13.<android.location.LocationManager: void requestLocationUpdates(long,float,android.location.Criteria,android.location.LocationListener,android.os.Looper)>($l0, $f0, $r15, $r2, $r26)"
base.apk,com.luizalabs.mlapp,.*,void requestLocationUpdates\(.*\),com.threatmetrix.TrustDefender.dddggg,void b044B?????044B(),,,,,"virtualinvoke $r13.<android.location.LocationManager: void requestLocationUpdates(long,float,android.location.Criteria,android.location.LocationListener,android.os.Looper)>($l0, $f0, $r14, $r2, null)"
base.apk,com.mercadolibre,com.google.android.gms.location.LocationRequest,com.google.android.gms.location.LocationRequest setNumUpdates(int),bo.app.n1,"void a(android.content.Context,android.app.PendingIntent,bo.app.v1)",1,,,,virtualinvoke $r6.<com.google.android.gms.location.LocationRequest: com.google.android.gms.location.LocationRequest setNumUpdates(int)>(1)
base.apk,com.mercadolibre,com.google.android.gms.location.LocationRequest,com.google.android.gms.location.LocationRequest setPriority(int),bo.app.n1,"void a(android.content.Context,android.app.PendingIntent,bo.app.v1)",100,,,,virtualinvoke $r6.<com.google.android.gms.location.LocationRequest: com.google.android.gms.location.LocationRequest setPriority(int)>(100)
base.apk,com.mercadolibre,android.location.LocationManager,"void requestLocationUpdates(java.lang.String,long,float,android.location.LocationListener,android.os.Looper)",com.mercadopago.android.px.model.Fingerprint,void registerLocationUpdate(android.content.Context),0,0.0,,,"virtualinvoke $r3.<android.location.LocationManager: void requestLocationUpdates(java.lang.String,long,float,android.location.LocationListener,android.os.Looper)>(""network"", 0L, 0.0F, $r1, $r5)"
base.apk,com.mercadolibre,android.location.LocationManager,void requestSingleUpdate\(.*\),bo.app.o,void a(java.lang.String),,,,,"virtualinvoke $r5.<android.location.LocationManager: void requestSingleUpdate(java.lang.String,android.app.PendingIntent)>($r1, $r4)"
split_nudata.apk,com.mercadolibre,com.google.android.gms.location.LocationRequest,com.google.android.gms.location.LocationRequest setPriority(int),com.usdk.android.bi,void a(android.content.Context),100,,,,virtualinvoke $r11.<com.google.android.gms.location.LocationRequest: com.google.android.gms.location.LocationRequest setPriority(int)>(100)
split_nudata.apk,com.mercadolibre,com.google.android.gms.location.LocationRequest,com.google.android.gms.location.LocationRequest setInterval(long),com.usdk.android.bi,void a(android.content.Context),100,,,,virtualinvoke $r11.<com.google.android.gms.location.LocationRequest: com.google.android.gms.location.LocationRequest setInterval(long)>(100L)
base.apk,com.miui.analytics,android.location.LocationManager,"void requestLocationUpdates(java.lang.String,long,float,android.location.LocationListener)",com.miui.analytics.internal.util.v,void f(),0,0.0,,,"virtualinvoke $r7.<android.location.LocationManager: void requestLocationUpdates(java.lang.String,long,float,android.location.LocationListener)>(""passive"", 0L, 0.0F, $r1)"
base.apk,com.miui.analytics,android.location.LocationManager,"void requestLocationUpdates(java.lang.String,long,float,android.location.LocationListener,android.os.Looper)",com.miui.analytics.onetrack.e,"java.util.List u(android.content.Context,int)",1000,0.0,,,"virtualinvoke $r9.<android.location.LocationManager: void requestLocationUpdates(java.lang.String,long,float,android.location.LocationListener,android.os.Looper)>(""network"", 1000L, 0.0F, $r13, $r14)"
base.apk,com.miui.analytics,android.location.LocationManager,"void requestLocationUpdates(java.lang.String,long,float,android.location.LocationListener,android.os.Looper)",com.miui.analytics.onetrack.e,"java.util.List u(android.content.Context,int)",1000,0.0,,,"virtualinvoke $r9.<android.location.LocationManager: void requestLocationUpdates(java.lang.String,long,float,android.location.LocationListener,android.os.Looper)>(""gps"", 1000L, 0.0F, $r13, $r14)"
base.apk,com.miui.android.fashiongallery,android.location.LocationManager,void requestSingleUpdate\(.*\),ai.meson.core.z,void b(),,,,,"virtualinvoke $r1.<android.location.LocationManager: void requestSingleUpdate(java.lang.String,android.location.LocationListener,android.os.Looper)>($r3, r0, $r16)"
base.apk,com.miui.cleanmaster,android.location.LocationManager,"void requestLocationUpdates(java.lang.String,long,float,android.location.LocationListener)",com.miui.maml.data.LocationBinder,void registerListener(),Variable,Variable,,,"virtualinvoke $r1.<android.location.LocationManager: void requestLocationUpdates(java.lang.String,long,float,android.location.LocationListener)>($r2, $l0, $f0, $r3)"
base.apk,com.miui.cloudservice,android.location.LocationManager,"void requestLocationUpdates(java.lang.String,long,float,android.location.LocationListener)",miuix.hybrid.feature.Geolocation,"miuix.hybrid.Response invokeUpdateLocation(android.location.LocationManager,miuix.hybrid.Request)",0,0.0,,,"virtualinvoke $r3.<android.location.LocationManager: void requestLocationUpdates(java.lang.String,long,float,android.location.LocationListener)>($r1, 0L, 0.0F, $r2)"
base.apk,com.miui.compass,android.location.LocationManager,"void requestLocationUpdates(java.lang.String,long,float,android.location.LocationListener)",com.miui.compass.CompassDataManager$CompassLocationListener,"void register(android.location.LocationManager,com.miui.compass.CompassDataManager)",2000,10.0,,,"virtualinvoke $r1.<android.location.LocationManager: void requestLocationUpdates(java.lang.String,long,float,android.location.LocationListener)>(""network"", 2000L, 10.0F, r0)"
base.apk,com.miui.compass,android.location.LocationManager,"void requestLocationUpdates(java.lang.String,long,float,android.location.LocationListener)",com.miui.compass.CompassDataManager$CompassLocationListener,"void register(android.location.LocationManager,com.miui.compass.CompassDataManager)",2000,10.0,,,"virtualinvoke $r1.<android.location.LocationManager: void requestLocationUpdates(java.lang.String,long,float,android.location.LocationListener)>(""gps"", 2000L, 10.0F, r0)"
base.apk,com.miui.compass,android.location.LocationManager,"void requestLocationUpdates(java.lang.String,long,float,android.location.LocationListener)",com.miui.compass.CompassDataManager$LocationGetter$2,void run(),2000,10.0,,,"virtualinvoke $r3.<android.location.LocationManager: void requestLocationUpdates(java.lang.String,long,float,android.location.LocationListener)>(""network"", 2000L, 10.0F, $r4)"
base.apk,com.miui.global.packageinstaller,android.location.LocationManager,"void requestLocationUpdates(java.lang.String,long,float,android.location.LocationListener,android.os.Looper)",com.yandex.metrica.impl.ob.Bd,boolean c(),Variable,0.0,,,"virtualinvoke $r1.<android.location.LocationManager: void requestLocationUpdates(java.lang.String,long,float,android.location.LocationListener,android.os.Looper)>($r2, $l0, 0.0F, $r3, $r4)"
base.apk,com.miui.notes,android.location.LocationManager,void requestSingleUpdate\(.*\),com.xiaomi.ai.utils.b,android.location.Location a(android.content.Context),,,,,"virtualinvoke $r2.<android.location.LocationManager: void requestSingleUpdate(android.location.Criteria,android.location.LocationListener,android.os.Looper)>($r3, $r8, $r9)"
base.apk,com.miui.securitycenter,android.location.LocationManager,"void requestLocationUpdates(java.lang.String,long,float,android.location.LocationListener)",com.miui.maml.data.LocationBinder,void registerListener(),Variable,Variable,,,"virtualinvoke $r1.<android.location.LocationManager: void requestLocationUpdates(java.lang.String,long,float,android.location.LocationListener)>($r2, $l0, $f0, $r3)"
base.apk,com.miui.securitycenter,android.location.LocationManager,"void requestLocationUpdates(java.lang.String,long,float,android.location.LocationListener)",com.miui.earthquakewarning.utils.LocationRecordManager,"void startLocation(boolean,com.miui.earthquakewarning.utils.LocationRecordManager$CallBack)",2500,0.0,,,"virtualinvoke $r2.<android.location.LocationManager: void requestLocationUpdates(java.lang.String,long,float,android.location.LocationListener)>(""gps"", 2500L, 0.0F, $r3)"
base.apk,com.miui.securitycenter,android.location.LocationManager,"void requestLocationUpdates(java.lang.String,long,float,android.location.LocationListener)",com.miui.earthquakewarning.utils.LocationRecordManager,"void startLocation(boolean,com.miui.earthquakewarning.utils.LocationRecordManager$CallBack)",2500,0.0,,,"virtualinvoke $r2.<android.location.LocationManager: void requestLocationUpdates(java.lang.String,long,float,android.location.LocationListener)>(""network"", 2500L, 0.0F, $r3)"
base.apk,com.miui.securitycenter,android.location.LocationManager,"void requestLocationUpdates(java.lang.String,long,float,android.location.LocationListener,android.os.Looper)",com.miui.earthquakewarning.utils.LocationUtils$2,void run(),0,0.0,,,"virtualinvoke $r6.<android.location.LocationManager: void requestLocationUpdates(java.lang.String,long,float,android.location.LocationListener,android.os.Looper)>(""network"", 0L, 0.0F, $r2, $r7)"
base.apk,com.miui.securitycenter,android.location.LocationManager,"void requestLocationUpdates(java.lang.String,long,float,android.location.LocationListener,android.os.Looper)",com.miui.earthquakewarning.utils.LocationUtils$1,void run(),0,0.0,,,"virtualinvoke $r6.<android.location.LocationManager: void requestLocationUpdates(java.lang.String,long,float,android.location.LocationListener,android.os.Looper)>(""network"", 0L, 0.0F, $r2, $r7)"
base.apk,com.miui.videoplayer,android.location.LocationManager,"void requestLocationUpdates(java.lang.String,long,float,android.location.LocationListener)",m.g$a,void run(),300000,0.0,,,"virtualinvoke $r3.<android.location.LocationManager: void requestLocationUpdates(java.lang.String,long,float,android.location.LocationListener)>($r1, 300000L, 0.0F, $r4)"
base.apk,com.miui.videoplayer,android.location.LocationManager,"void requestLocationUpdates(java.lang.String,long,float,android.location.LocationListener)",ic.v$a,void run(),300000,0.0,,,"virtualinvoke $r4.<android.location.LocationManager: void requestLocationUpdates(java.lang.String,long,float,android.location.LocationListener)>($r1, 300000L, 0.0F, $r5)"
base.apk,com.miui.videoplayer,android.location.LocationManager,"void requestLocationUpdates(java.lang.String,long,float,android.location.LocationListener,android.os.Looper)",com.yandex.metrica.impl.ob.Bd,boolean c(),Variable,0.0,,,"virtualinvoke $r1.<android.location.LocationManager: void requestLocationUpdates(java.lang.String,long,float,android.location.LocationListener,android.os.Looper)>($r2, $l0, 0.0F, $r3, $r4)"
base.apk,com.miui.weather2,com.google.android.gms.location.LocationRequest,com.google.android.gms.location.LocationRequest setPriority(int),com.miui.weather2.tools.a0,void c(),102,,,,virtualinvoke $r3.<com.google.android.gms.location.LocationRequest: com.google.android.gms.location.LocationRequest setPriority(int)>(102)
base.apk,com.miui.weather2,com.google.android.gms.location.LocationRequest,com.google.android.gms.location.LocationRequest setInterval(long),com.miui.weather2.tools.a0,void c(),500,,,,virtualinvoke $r3.<com.google.android.gms.location.LocationRequest: com.google.android.gms.location.LocationRequest setInterval(long)>(500L)
base.apk,com.mywickr.wickr2,com.google.android.gms.location.LocationRequest,com.google.android.gms.location.LocationRequest setPriority(int),com.wickr.enterprise.location.GoogleLocationProvider,"com.google.android.gms.location.LocationRequest getLocationRequest(long,float)",100,,,,virtualinvoke $r1.<com.google.android.gms.location.LocationRequest: com.google.android.gms.location.LocationRequest setPriority(int)>(100)
base.apk,com.mywickr.wickr2,com.google.android.gms.location.LocationRequest,com.google.android.gms.location.LocationRequest setInterval(long),com.wickr.enterprise.location.GoogleLocationProvider,"com.google.android.gms.location.LocationRequest getLocationRequest(long,float)",Variable,,,,virtualinvoke $r1.<com.google.android.gms.location.LocationRequest: com.google.android.gms.location.LocationRequest setInterval(long)>($l0)
base.apk,com.mywickr.wickr2,.*,void requestLocationUpdates\(.*\),com.wickr.enterprise.location.AndroidLocationProvider,"void getLocationUpdates$lambda-1(com.wickr.enterprise.location.AndroidLocationProvider,long,float,io.reactivex.rxjava3.core.FlowableEmitter)",,,,,"virtualinvoke $r10.<android.location.LocationManager: void requestLocationUpdates(long,float,android.location.Criteria,android.location.LocationListener,android.os.Looper)>($l0, $f0, $r9, $r11, $r12)"
base.apk,com.picsart.studio,android.location.LocationManager,"void requestLocationUpdates(java.lang.String,long,float,android.location.LocationListener,android.os.Looper)",com.fyber.inneractive.sdk.util.z,"void a(java.lang.String,android.location.LocationListener)",0,0.0,,,"virtualinvoke $r9.<android.location.LocationManager: void requestLocationUpdates(java.lang.String,long,float,android.location.LocationListener,android.os.Looper)>($r4, 0L, 0.0F, $r5, $r10)"
base.apk,com.picsart.studio,android.location.LocationManager,void requestSingleUpdate\(.*\),bo.app.o,void a(java.lang.String),,,,,"virtualinvoke $r6.<android.location.LocationManager: void requestSingleUpdate(java.lang.String,android.app.PendingIntent)>($r1, $r5)"
base.apk,com.picsart.studio,android.location.LocationManager,void requestSingleUpdate\(.*\),com.inmobi.media.jk,void b(),,,,,"virtualinvoke $r4.<android.location.LocationManager: void requestSingleUpdate(java.lang.String,android.location.LocationListener,android.os.Looper)>($r6, r0, $r8)"
base.apk,com.sdpgames.sculptpeople,android.location.LocationManager,"void requestLocationUpdates(java.lang.String,long,float,android.location.LocationListener,android.os.Looper)",com.fyber.inneractive.sdk.util.s,"void a(java.lang.String,android.location.LocationListener)",0,0.0,,,"virtualinvoke $r9.<android.location.LocationManager: void requestLocationUpdates(java.lang.String,long,float,android.location.LocationListener,android.os.Looper)>($r4, 0L, 0.0F, $r5, $r10)"
base.apk,com.sdpgames.sculptpeople,android.location.LocationManager,void requestSingleUpdate\(.*\),com.inmobi.media.iu,void b(),,,,,"virtualinvoke $r4.<android.location.LocationManager: void requestSingleUpdate(java.lang.String,android.location.LocationListener,android.os.Looper)>($r6, r0, $r8)"
base.apk,com.shopee.br,com.google.android.gms.location.LocationRequest,com.google.android.gms.location.LocationRequest setNumUpdates(int),com.garena.location.LocationService.b$a,void onConnected(android.os.Bundle),2,,,,virtualinvoke $r10.<com.google.android.gms.location.LocationRequest: com.google.android.gms.location.LocationRequest setNumUpdates(int)>(2)
base.apk,com.shopee.br,com.google.android.gms.location.LocationRequest,com.google.android.gms.location.LocationRequest setPriority(int),com.airbnb.android.react.maps.m,void setUserLocationPriority(int),Variable,,,,virtualinvoke $r2.<com.google.android.gms.location.LocationRequest: com.google.android.gms.location.LocationRequest setPriority(int)>($i0)
base.apk,com.shopee.br,com.google.android.gms.location.LocationRequest,com.google.android.gms.location.LocationRequest setPriority(int),com.airbnb.android.react.maps.p,void <init>(android.content.Context),100,,,,virtualinvoke $r3.<com.google.android.gms.location.LocationRequest: com.google.android.gms.location.LocationRequest setPriority(int)>(100)
base.apk,com.shopee.br,com.google.android.gms.location.LocationRequest,com.google.android.gms.location.LocationRequest setPriority(int),com.shopee.shpssdk.uvvuvuuwu.wvuwuwvww.wvuvuwwvv.wvwuuuwvv,java.lang.Object uvuvvwvwu(),102,,,,virtualinvoke $r9.<com.google.android.gms.location.LocationRequest: com.google.android.gms.location.LocationRequest setPriority(int)>(102)
base.apk,com.shopee.br,com.google.android.gms.location.LocationRequest,com.google.android.gms.location.LocationRequest setPriority(int),com.shopee.addon.location.impl.b$a,"void h(java.util.List,java.util.List,com.shopee.addon.permissions.proto.c)",100,,,,virtualinvoke $r16.<com.google.android.gms.location.LocationRequest: com.google.android.gms.location.LocationRequest setPriority(int)>(100)
base.apk,com.shopee.br,com.google.android.gms.location.LocationRequest,com.google.android.gms.location.LocationRequest setPriority(int),com.garena.location.LocationService.b$a,void onConnected(android.os.Bundle),102,,,,virtualinvoke $r10.<com.google.android.gms.location.LocationRequest: com.google.android.gms.location.LocationRequest setPriority(int)>(102)
base.apk,com.shopee.br,com.google.android.gms.location.LocationRequest,com.google.android.gms.location.LocationRequest setPriority(int),com.garena.location.LocationService.b$a,void onConnected(android.os.Bundle),100,,,,virtualinvoke $r10.<com.google.android.gms.location.LocationRequest: com.google.android.gms.location.LocationRequest setPriority(int)>(100)
base.apk,com.shopee.br,com.google.android.gms.location.LocationRequest,com.google.android.gms.location.LocationRequest setInterval(long),com.airbnb.android.react.maps.m,void setUserLocationUpdateInterval(int),Variable,,,,virtualinvoke $r2.<com.google.android.gms.location.LocationRequest: com.google.android.gms.location.LocationRequest setInterval(long)>($l1)
base.apk,com.shopee.br,com.google.android.gms.location.LocationRequest,com.google.android.gms.location.LocationRequest setInterval(long),com.airbnb.android.react.maps.p,void <init>(android.content.Context),5000,,,,virtualinvoke $r3.<com.google.android.gms.location.LocationRequest: com.google.android.gms.location.LocationRequest setInterval(long)>(5000L)
base.apk,com.shopee.br,com.google.android.gms.location.LocationRequest,com.google.android.gms.location.LocationRequest setInterval(long),com.shopee.shpssdk.uvvuvuuwu.wvuwuwvww.wvuvuwwvv.wvwuuuwvv,java.lang.Object uvuvvwvwu(),Variable,,,,virtualinvoke $r9.<com.google.android.gms.location.LocationRequest: com.google.android.gms.location.LocationRequest setInterval(long)>($l2)
base.apk,com.shopee.br,com.google.android.gms.location.LocationRequest,com.google.android.gms.location.LocationRequest setInterval(long),com.garena.location.LocationService.b$a,void onConnected(android.os.Bundle),2000,,,,virtualinvoke $r10.<com.google.android.gms.location.LocationRequest: com.google.android.gms.location.LocationRequest setInterval(long)>(2000L)
base.apk,com.shopee.br,android.location.LocationManager,"void requestLocationUpdates(java.lang.String,long,float,android.location.LocationListener)",cn.tongdun.android.?????????????.?????????????.??????,"java.lang.String ?????(android.content.Context,android.location.LocationManager)",1000,1000.0,,,"virtualinvoke $r1.<android.location.LocationManager: void requestLocationUpdates(java.lang.String,long,float,android.location.LocationListener)>(""gps"", 1000L, 1000.0F, $r3)"
base.apk,com.shopee.br,android.location.LocationManager,"void requestLocationUpdates(java.lang.String,long,float,android.location.LocationListener)",cn.tongdun.android.?????????????.?????????????.??????,"java.lang.String ?????(android.content.Context,android.location.LocationManager)",1000,1.0,,,"virtualinvoke $r1.<android.location.LocationManager: void requestLocationUpdates(java.lang.String,long,float,android.location.LocationListener)>(""network"", 1000L, 1.0F, $r3)"
base.apk,com.shopee.br,android.location.LocationManager,"void requestLocationUpdates(java.lang.String,long,float,android.location.LocationListener)",com.shopee.shpssdk.uvvuvuuwu.wvuwuwvww.wvuvuwwvv.wvwuuuwvv,java.lang.Object uvuvvwvwu(),Variable,0.0,,,"virtualinvoke $r4.<android.location.LocationManager: void requestLocationUpdates(java.lang.String,long,float,android.location.LocationListener)>($r7, $l2, 0.0F, r0)"
base.apk,com.shopee.br,android.location.LocationManager,"void requestLocationUpdates(java.lang.String,long,float,android.location.LocationListener)",com.shopee.livenesscheckaurora.core.a,void <init>(android.content.Context),60000,10.0,,,"virtualinvoke $r4.<android.location.LocationManager: void requestLocationUpdates(java.lang.String,long,float,android.location.LocationListener)>($r2, 60000L, 10.0F, r0)"
base.apk,com.shopee.br,android.location.LocationManager,"void requestLocationUpdates(java.lang.String,long,float,android.location.LocationListener)",com.shopee.livenesscheckaurora.core.a,void <init>(android.content.Context),60000,10.0,,,"virtualinvoke $r4.<android.location.LocationManager: void requestLocationUpdates(java.lang.String,long,float,android.location.LocationListener)>($r2, 60000L, 10.0F, r0)"
base.apk,com.shopee.br,android.location.LocationManager,"void requestLocationUpdates(java.lang.String,long,float,android.location.LocationListener)",com.garena.location.LocationService.j,"int a(boolean,boolean,com.garena.location.LocationService.d)",2000,100.0,,,"virtualinvoke $r2.<android.location.LocationManager: void requestLocationUpdates(java.lang.String,long,float,android.location.LocationListener)>(""gps"", 2000L, 100.0F, r0)"
base.apk,com.shopee.br,android.location.LocationManager,"void requestLocationUpdates(java.lang.String,long,float,android.location.LocationListener)",com.garena.location.LocationService.j,"int a(boolean,boolean,com.garena.location.LocationService.d)",2000,500.0,,,"virtualinvoke $r2.<android.location.LocationManager: void requestLocationUpdates(java.lang.String,long,float,android.location.LocationListener)>(""network"", 2000L, 500.0F, r0)"
base.apk,com.shopee.br,android.location.LocationManager,"void requestLocationUpdates(java.lang.String,long,float,android.location.LocationListener,android.os.Looper)",com.shopee.sz.endpoint.endpointservice.i,android.util.Pair a(android.content.Context),3000,0.0,,,"virtualinvoke $r3.<android.location.LocationManager: void requestLocationUpdates(java.lang.String,long,float,android.location.LocationListener,android.os.Looper)>($r7, 3000L, 0.0F, $r0, $r5)"
base.apk,com.snowcorp.stickerly.android,android.location.LocationManager,void requestSingleUpdate\(.*\),com.inmobi.media.ig,void b(),,,,,"virtualinvoke $r4.<android.location.LocationManager: void requestSingleUpdate(java.lang.String,android.location.LocationListener,android.os.Looper)>($r6, r0, $r8)"
base.apk,com.ubercab.driver,android.location.LocationManager,"void requestLocationUpdates(java.lang.String,long,float,android.location.LocationListener)",ayf.a,void c(),0,0.0,,,"virtualinvoke $r4.<android.location.LocationManager: void requestLocationUpdates(java.lang.String,long,float,android.location.LocationListener)>(""gps"", 0L, 0.0F, r0)"
base.apk,com.ubercab.driver,android.location.LocationManager,"void requestLocationUpdates(java.lang.String,long,float,android.location.LocationListener)",ayf.a,void c(),0,0.0,,,"virtualinvoke $r4.<android.location.LocationManager: void requestLocationUpdates(java.lang.String,long,float,android.location.LocationListener)>(""network"", 0L, 0.0F, r0)"
base.apk,com.ubercab.driver,android.location.LocationManager,"void requestLocationUpdates(java.lang.String,long,float,android.location.LocationListener)",jn.c,void a(),Variable,0.0,,,"virtualinvoke $r4.<android.location.LocationManager: void requestLocationUpdates(java.lang.String,long,float,android.location.LocationListener)>(""gps"", $l0, 0.0F, $r1)"
base.apk,com.ubercab.driver,android.location.LocationManager,"void requestLocationUpdates(java.lang.String,long,float,android.location.LocationListener)",jn.f,void c(),Variable,0.0,,,"virtualinvoke $r5.<android.location.LocationManager: void requestLocationUpdates(java.lang.String,long,float,android.location.LocationListener)>(""network"", $l0, 0.0F, $r1)"
base.apk,com.ubercab.driver,android.location.LocationManager,"void requestLocationUpdates(java.lang.String,long,float,android.location.LocationListener,android.os.Looper)",jp.c$b,void a(),900,0.0,,,"virtualinvoke $r1.<android.location.LocationManager: void requestLocationUpdates(java.lang.String,long,float,android.location.LocationListener,android.os.Looper)>($r2, 900L, 0.0F, r0, $r3)"
base.apk,com.ubercab.driver,android.location.LocationManager,"void requestLocationUpdates(java.lang.String,long,float,android.location.LocationListener,android.os.Looper)",ado.i,"void a(android.location.LocationManager,android.location.LocationListener,ade.k)",Variable,Variable,,,"virtualinvoke $r2.<android.location.LocationManager: void requestLocationUpdates(java.lang.String,long,float,android.location.LocationListener,android.os.Looper)>(""gps"", $l0, $f0, $r3, $r1)"
base.apk,com.ubercab.driver,android.location.LocationManager,void requestSingleUpdate\(.*\),btt.b,btt.a a(btt.d$a),,,,,"virtualinvoke $r4.<android.location.LocationManager: void requestSingleUpdate(android.location.Criteria,android.location.LocationListener,android.os.Looper)>($r10, $r11, null)"
base.apk,com.whatsapp,android.location.LocationManager,"void requestLocationUpdates(java.lang.String,long,float,android.location.LocationListener)",X.17u,"void A05(android.location.LocationListener,java.lang.String,float,int,long,long)",Variable,Variable,,,"virtualinvoke $r10.<android.location.LocationManager: void requestLocationUpdates(java.lang.String,long,float,android.location.LocationListener)>(""gps"", $l1, $f0, $r1)"
base.apk,com.whatsapp,android.location.LocationManager,"void requestLocationUpdates(java.lang.String,long,float,android.location.LocationListener)",X.17u,"void A05(android.location.LocationListener,java.lang.String,float,int,long,long)",Variable,Variable,,,"virtualinvoke $r10.<android.location.LocationManager: void requestLocationUpdates(java.lang.String,long,float,android.location.LocationListener)>(""network"", $l1, $f0, $r1)"
base.apk,com.whatsapp.w4b,android.location.LocationManager,"void requestLocationUpdates(java.lang.String,long,float,android.location.LocationListener)",X.17c,"void A05(android.location.LocationListener,java.lang.String,float,int,long,long)",Variable,Variable,,,"virtualinvoke $r10.<android.location.LocationManager: void requestLocationUpdates(java.lang.String,long,float,android.location.LocationListener)>(""gps"", $l1, $f0, $r1)"
base.apk,com.whatsapp.w4b,android.location.LocationManager,"void requestLocationUpdates(java.lang.String,long,float,android.location.LocationListener)",X.17c,"void A05(android.location.LocationListener,java.lang.String,float,int,long,long)",Variable,Variable,,,"virtualinvoke $r10.<android.location.LocationManager: void requestLocationUpdates(java.lang.String,long,float,android.location.LocationListener)>(""network"", $l1, $f0, $r1)"
base.apk,com.xiaomi.payment,android.location.LocationManager,"void requestLocationUpdates(java.lang.String,long,float,android.location.LocationListener)",miuipub.hybrid.feature.Geolocation,"miuipub.hybrid.Response invokeUpdateLocation(android.location.LocationManager,miuipub.hybrid.Request)",0,0.0,,,"virtualinvoke $r3.<android.location.LocationManager: void requestLocationUpdates(java.lang.String,long,float,android.location.LocationListener)>($r1, 0L, 0.0F, $r2)"
base.apk,deezer.android.app,android.location.LocationManager,"void requestLocationUpdates(java.lang.String,long,float,android.location.LocationListener)",com.mparticle.MParticle,"void enableLocationTracking(java.lang.String,long,long)",Variable,Variable,,,"virtualinvoke $r9.<android.location.LocationManager: void requestLocationUpdates(java.lang.String,long,float,android.location.LocationListener)>($r5, $l1, $f0, $r1)"
base.apk,deezer.android.app,android.location.LocationManager,void requestSingleUpdate\(.*\),bo.app.o,void a(java.lang.String),,,,,"virtualinvoke $r5.<android.location.LocationManager: void requestSingleUpdate(java.lang.String,android.app.PendingIntent)>($r1, $r4)"
base.apk,idm.internet.download.manager,android.location.LocationManager,void requestSingleUpdate\(.*\),com.huawei.openalliance.ad.utils.z,"void V(android.content.Context,int)",,,,,"virtualinvoke $r2.<android.location.LocationManager: void requestSingleUpdate(java.lang.String,android.location.LocationListener,android.os.Looper)>($r4, $r7, $r8)"
base.apk,idm.internet.download.manager,android.location.LocationManager,void requestSingleUpdate\(.*\),com.huawei.openalliance.ad.ppskit.utils.bk,"void b(android.content.Context,int)",,,,,"virtualinvoke $r2.<android.location.LocationManager: void requestSingleUpdate(java.lang.String,android.location.LocationListener,android.os.Looper)>($r4, $r7, $r8)"
base.apk,jp.naver.linecamera.android,android.location.LocationManager,"void requestLocationUpdates(java.lang.String,long,float,android.location.LocationListener)",jp.naver.linecamera.android.common.util.LocationUtil,void startLocationUpdates(),0,0.0,,,"virtualinvoke $r1.<android.location.LocationManager: void requestLocationUpdates(java.lang.String,long,float,android.location.LocationListener)>(""network"", 0L, 0.0F, r0)"
base.apk,jp.naver.linecamera.android,android.location.LocationManager,"void requestLocationUpdates(java.lang.String,long,float,android.location.LocationListener)",jp.naver.linecamera.android.common.util.LocationUtil,void startLocationUpdates(),0,0.0,,,"virtualinvoke $r1.<android.location.LocationManager: void requestLocationUpdates(java.lang.String,long,float,android.location.LocationListener)>(""gps"", 0L, 0.0F, r0)"
base.apk,la.foton.brb.myphone,com.google.android.gms.location.LocationRequest,com.google.android.gms.location.LocationRequest setPriority(int),com.getcapacitor.plugin.Geolocation,void i(com.getcapacitor.PluginCall),Variable,,,,virtualinvoke $r9.<com.google.android.gms.location.LocationRequest: com.google.android.gms.location.LocationRequest setPriority(int)>($b2)
base.apk,la.foton.brb.myphone,com.google.android.gms.location.LocationRequest,com.google.android.gms.location.LocationRequest setInterval(long),com.getcapacitor.plugin.Geolocation,void i(com.getcapacitor.PluginCall),10000,,,,virtualinvoke $r9.<com.google.android.gms.location.LocationRequest: com.google.android.gms.location.LocationRequest setInterval(long)>(10000L)
base.apk,la.foton.brb.myphone,android.location.LocationManager,"void requestLocationUpdates(java.lang.String,long,float,android.location.LocationListener)",com.ca.mas.core.policy.d,"void f(java.lang.String,long,float)",Variable,Variable,,,"virtualinvoke $r5.<android.location.LocationManager: void requestLocationUpdates(java.lang.String,long,float,android.location.LocationListener)>($r1, $l0, $f0, $r2)"
base.apk,la.foton.brb.myphone,android.location.LocationManager,"void requestLocationUpdates(java.lang.String,long,float,android.location.LocationListener,android.os.Looper)",br.com.topaz.heartbeat.r.d,void c(),Variable,0.0,,,"virtualinvoke $r1.<android.location.LocationManager: void requestLocationUpdates(java.lang.String,long,float,android.location.LocationListener,android.os.Looper)>(""gps"", $l0, 0.0F, $r2, $r7)"
base.apk,la.foton.brb.myphone,android.location.LocationManager,void requestSingleUpdate\(.*\),br.com.topaz.heartbeat.m.b,void a(br.com.topaz.heartbeat.m.a$a),,,,,"virtualinvoke $r3.<android.location.LocationManager: void requestSingleUpdate(java.lang.String,android.location.LocationListener,android.os.Looper)>(""gps"", $r2, null)"
base.apk,me.hekr.hummingbird,android.location.LocationManager,"void requestLocationUpdates(java.lang.String,long,float,android.location.LocationListener)",com.baidu.location.b.e,void b(),9000,0.0,,,"virtualinvoke $r5.<android.location.LocationManager: void requestLocationUpdates(java.lang.String,long,float,android.location.LocationListener)>(""passive"", 9000L, 0.0F, $r1)"
base.apk,me.hekr.hummingbird,android.location.LocationManager,"void requestLocationUpdates(java.lang.String,long,float,android.location.LocationListener)",com.baidu.location.b.e,void c(),1000,0.0,,,"virtualinvoke $r1.<android.location.LocationManager: void requestLocationUpdates(java.lang.String,long,float,android.location.LocationListener)>(""gps"", 1000L, 0.0F, $r2)"
base.apk,me.hekr.hummingbird,android.location.LocationManager,"void requestLocationUpdates(java.lang.String,long,float,android.location.LocationListener)",com.tencent.map.b.e,"boolean a(com.tencent.map.b.e$c,android.content.Context)",1000,0.0,,,"virtualinvoke $r2.<android.location.LocationManager: void requestLocationUpdates(java.lang.String,long,float,android.location.LocationListener)>(""gps"", 1000L, 0.0F, $r3)"
base.apk,me.hekr.hummingbird,android.location.LocationManager,"void requestLocationUpdates(java.lang.String,long,float,android.location.LocationListener,android.os.Looper)",com.networkbench.agent.impl.n.e$4,void run(),1000,1.0,,,"virtualinvoke $r1.<android.location.LocationManager: void requestLocationUpdates(java.lang.String,long,float,android.location.LocationListener,android.os.Looper)>(""passive"", 1000L, 1.0F, $r4, $r5)"
base.apk,me.hekr.hummingbird,.*,void requestLocationUpdates\(.*\),org.chromium.content.browser.LocationProviderFactory$LocationProviderImpl,void registerForLocationUpdates(boolean),,,,,"virtualinvoke $r1.<android.location.LocationManager: void requestLocationUpdates(long,float,android.location.Criteria,android.location.LocationListener,android.os.Looper)>(0L, 0.0F, $r2, r0, $r5)"
base.apk,net.relaxio.sleepo,android.location.LocationManager,"void requestLocationUpdates(java.lang.String,long,float,android.location.LocationListener)",net.pubnative.lite.sdk.location.HyBidLocationManager$1,void run(),0,0.0,,,"virtualinvoke $r2.<android.location.LocationManager: void requestLocationUpdates(java.lang.String,long,float,android.location.LocationListener)>(""gps"", 0L, 0.0F, $r1)"
base.apk,net.relaxio.sleepo,android.location.LocationManager,"void requestLocationUpdates(java.lang.String,long,float,android.location.LocationListener)",net.pubnative.lite.sdk.location.HyBidLocationManager$3,void run(),0,0.0,,,"virtualinvoke $r2.<android.location.LocationManager: void requestLocationUpdates(java.lang.String,long,float,android.location.LocationListener)>(""network"", 0L, 0.0F, $r1)"
base.apk,net.relaxio.sleepo,android.location.LocationManager,"void requestLocationUpdates(java.lang.String,long,float,android.location.LocationListener)",net.pubnative.lite.sdk.location.HyBidLocationManager$2,void run(),0,0.0,,,"virtualinvoke $r2.<android.location.LocationManager: void requestLocationUpdates(java.lang.String,long,float,android.location.LocationListener)>(""network"", 0L, 0.0F, $r1)"
base.apk,net.relaxio.sleepo,android.location.LocationManager,"void requestLocationUpdates(java.lang.String,long,float,android.location.LocationListener,android.os.Looper)",com.fyber.inneractive.sdk.y.t,"void a(java.lang.String,android.location.LocationListener)",0,0.0,,,"virtualinvoke $r12.<android.location.LocationManager: void requestLocationUpdates(java.lang.String,long,float,android.location.LocationListener,android.os.Looper)>($r7, 0L, 0.0F, $r8, $r13)"
base.apk,net.relaxio.sleepo,android.location.LocationManager,void requestSingleUpdate\(.*\),com.inmobi.media.hz,void b(),,,,,"virtualinvoke $r4.<android.location.LocationManager: void requestSingleUpdate(java.lang.String,android.location.LocationListener,android.os.Looper)>($r6, r0, $r8)"
base.apk,org.telegram.messenger,com.google.android.gms.location.LocationRequest,com.google.android.gms.location.LocationRequest setPriority(int),org.telegram.messenger.GoogleLocationProvider$GoogleLocationRequest,void setPriority(int),Variable,,,,virtualinvoke $r1.<com.google.android.gms.location.LocationRequest: com.google.android.gms.location.LocationRequest setPriority(int)>($b1)
base.apk,org.telegram.messenger,com.google.android.gms.location.LocationRequest,com.google.android.gms.location.LocationRequest setInterval(long),org.telegram.messenger.GoogleLocationProvider$GoogleLocationRequest,void setInterval(long),Variable,,,,virtualinvoke $r1.<com.google.android.gms.location.LocationRequest: com.google.android.gms.location.LocationRequest setInterval(long)>($l0)
base.apk,org.telegram.messenger,android.location.LocationManager,"void requestLocationUpdates(java.lang.String,long,float,android.location.LocationListener)",org.telegram.messenger.SendMessagesHelper$LocationProvider,void start(),1,0.0,,,"virtualinvoke $r1.<android.location.LocationManager: void requestLocationUpdates(java.lang.String,long,float,android.location.LocationListener)>(""gps"", 1L, 0.0F, $r4)"
base.apk,org.telegram.messenger,android.location.LocationManager,"void requestLocationUpdates(java.lang.String,long,float,android.location.LocationListener)",org.telegram.messenger.SendMessagesHelper$LocationProvider,void start(),1,0.0,,,"virtualinvoke $r1.<android.location.LocationManager: void requestLocationUpdates(java.lang.String,long,float,android.location.LocationListener)>(""network"", 1L, 0.0F, $r4)"
base.apk,org.telegram.messenger,android.location.LocationManager,"void requestLocationUpdates(java.lang.String,long,float,android.location.LocationListener)",org.telegram.messenger.LocationController,void start(),1,0.0,,,"virtualinvoke $r3.<android.location.LocationManager: void requestLocationUpdates(java.lang.String,long,float,android.location.LocationListener)>(""gps"", 1L, 0.0F, $r4)"
base.apk,org.telegram.messenger,android.location.LocationManager,"void requestLocationUpdates(java.lang.String,long,float,android.location.LocationListener)",org.telegram.messenger.LocationController,void start(),1,0.0,,,"virtualinvoke $r3.<android.location.LocationManager: void requestLocationUpdates(java.lang.String,long,float,android.location.LocationListener)>(""network"", 1L, 0.0F, $r4)"
base.apk,org.telegram.messenger,android.location.LocationManager,"void requestLocationUpdates(java.lang.String,long,float,android.location.LocationListener)",org.telegram.messenger.LocationController,void start(),1,0.0,,,"virtualinvoke $r3.<android.location.LocationManager: void requestLocationUpdates(java.lang.String,long,float,android.location.LocationListener)>(""passive"", 1L, 0.0F, $r4)"
base.apk,org.telegram.messenger,android.location.LocationManager,"void requestLocationUpdates(java.lang.String,long,float,android.location.LocationListener)",org.telegram.ui.ThemeActivity,void startLocationUpdate(),1,0.0,,,"virtualinvoke $r3.<android.location.LocationManager: void requestLocationUpdates(java.lang.String,long,float,android.location.LocationListener)>(""gps"", 1L, 0.0F, $r4)"
base.apk,org.telegram.messenger,android.location.LocationManager,"void requestLocationUpdates(java.lang.String,long,float,android.location.LocationListener)",org.telegram.ui.ThemeActivity,void startLocationUpdate(),1,0.0,,,"virtualinvoke $r3.<android.location.LocationManager: void requestLocationUpdates(java.lang.String,long,float,android.location.LocationListener)>(""network"", 1L, 0.0F, $r4)"
base.apk,org.telegram.messenger,.*,void requestLocationUpdates\(.*\),org.telegram.messenger.LocationController,void lambda$startFusedLocationRequest$5(boolean),,,,,"interfaceinvoke $r4.<org.telegram.messenger.ILocationServiceProvider: void requestLocationUpdates(org.telegram.messenger.ILocationServiceProvider$ILocationRequest,org.telegram.messenger.ILocationServiceProvider$ILocationListener)>($r6, $r1)"
base.apk,org.telegram.messenger.web,com.google.android.gms.location.LocationRequest,com.google.android.gms.location.LocationRequest setPriority(int),org.telegram.messenger.LocationController,void <init>(int),100,,,,virtualinvoke $r12.<com.google.android.gms.location.LocationRequest: com.google.android.gms.location.LocationRequest setPriority(int)>(100)
base.apk,org.telegram.messenger.web,com.google.android.gms.location.LocationRequest,com.google.android.gms.location.LocationRequest setInterval(long),org.telegram.messenger.LocationController,void <init>(int),1000,,,,virtualinvoke $r12.<com.google.android.gms.location.LocationRequest: com.google.android.gms.location.LocationRequest setInterval(long)>(1000L)
base.apk,org.telegram.messenger.web,android.location.LocationManager,"void requestLocationUpdates(java.lang.String,long,float,android.location.LocationListener)",org.telegram.messenger.SendMessagesHelper$LocationProvider,void start(),1,0.0,,,"virtualinvoke $r1.<android.location.LocationManager: void requestLocationUpdates(java.lang.String,long,float,android.location.LocationListener)>(""gps"", 1L, 0.0F, $r4)"
base.apk,org.telegram.messenger.web,android.location.LocationManager,"void requestLocationUpdates(java.lang.String,long,float,android.location.LocationListener)",org.telegram.messenger.SendMessagesHelper$LocationProvider,void start(),1,0.0,,,"virtualinvoke $r1.<android.location.LocationManager: void requestLocationUpdates(java.lang.String,long,float,android.location.LocationListener)>(""network"", 1L, 0.0F, $r4)"
base.apk,org.telegram.messenger.web,android.location.LocationManager,"void requestLocationUpdates(java.lang.String,long,float,android.location.LocationListener)",org.telegram.messenger.LocationController,void start(),1,0.0,,,"virtualinvoke $r3.<android.location.LocationManager: void requestLocationUpdates(java.lang.String,long,float,android.location.LocationListener)>(""gps"", 1L, 0.0F, $r4)"
base.apk,org.telegram.messenger.web,android.location.LocationManager,"void requestLocationUpdates(java.lang.String,long,float,android.location.LocationListener)",org.telegram.messenger.LocationController,void start(),1,0.0,,,"virtualinvoke $r3.<android.location.LocationManager: void requestLocationUpdates(java.lang.String,long,float,android.location.LocationListener)>(""network"", 1L, 0.0F, $r4)"
base.apk,org.telegram.messenger.web,android.location.LocationManager,"void requestLocationUpdates(java.lang.String,long,float,android.location.LocationListener)",org.telegram.messenger.LocationController,void start(),1,0.0,,,"virtualinvoke $r3.<android.location.LocationManager: void requestLocationUpdates(java.lang.String,long,float,android.location.LocationListener)>(""passive"", 1L, 0.0F, $r4)"
base.apk,org.telegram.messenger.web,android.location.LocationManager,"void requestLocationUpdates(java.lang.String,long,float,android.location.LocationListener)",org.telegram.ui.ThemeActivity,void startLocationUpdate(),1,0.0,,,"virtualinvoke $r3.<android.location.LocationManager: void requestLocationUpdates(java.lang.String,long,float,android.location.LocationListener)>(""gps"", 1L, 0.0F, $r4)"
base.apk,org.telegram.messenger.web,android.location.LocationManager,"void requestLocationUpdates(java.lang.String,long,float,android.location.LocationListener)",org.telegram.ui.ThemeActivity,void startLocationUpdate(),1,0.0,,,"virtualinvoke $r3.<android.location.LocationManager: void requestLocationUpdates(java.lang.String,long,float,android.location.LocationListener)>(""network"", 1L, 0.0F, $r4)"
base.apk,org.thoughtcrime.securesms,android.location.LocationManager,void requestSingleUpdate\(.*\),org.thoughtcrime.securesms.maps.LocationRetriever,void onStart(androidx.lifecycle.LifecycleOwner),,,,,"virtualinvoke $r5.<android.location.LocationManager: void requestSingleUpdate(java.lang.String,android.location.LocationListener,android.os.Looper)>($r3, r0, null)"
base.apk,org.torproject.torbrowser,android.location.LocationManager,"void requestLocationUpdates(java.lang.String,long,float,android.location.LocationListener,android.os.Looper)",org.mozilla.gecko.GeckoAppShell,boolean enableLocation(boolean),100,0.5,,,"virtualinvoke $r3.<android.location.LocationManager: void requestLocationUpdates(java.lang.String,long,float,android.location.LocationListener,android.os.Looper)>($r8, 100L, 0.5F, $r5, $r11)"
PeelMiRemote.apk,com.duokan.phone.remotecontroller.peel.plugin,com.google.android.gms.location.LocationRequest,com.google.android.gms.location.LocationRequest setPriority(int),com.cuebiq.cuebiqsdk.locationhelper.FusedLocationManager,com.google.android.gms.location.LocationRequest createLocationRequest(com.cuebiq.cuebiqsdk.model.config.Settings),102,,,,virtualinvoke $r1.<com.google.android.gms.location.LocationRequest: com.google.android.gms.location.LocationRequest setPriority(int)>(102)
PeelMiRemote.apk,com.duokan.phone.remotecontroller.peel.plugin,com.google.android.gms.location.LocationRequest,com.google.android.gms.location.LocationRequest setPriority(int),io.mysdk.locs.xdk.utils.FLPHelper,"com.google.android.gms.location.LocationRequest buildLocationRequestFromConfig(io.mysdk.common.config.MainConfig,int)",Variable,,,,virtualinvoke $r2.<com.google.android.gms.location.LocationRequest: com.google.android.gms.location.LocationRequest setPriority(int)>($i0)
PeelMiRemote.apk,com.duokan.phone.remotecontroller.peel.plugin,com.google.android.gms.location.LocationRequest,com.google.android.gms.location.LocationRequest setPriority(int),com.peel.srv.util.h,com.google.android.gms.location.LocationRequest c(),102,,,,virtualinvoke $r0.<com.google.android.gms.location.LocationRequest: com.google.android.gms.location.LocationRequest setPriority(int)>(102)
PeelMiRemote.apk,com.duokan.phone.remotecontroller.peel.plugin,com.google.android.gms.location.LocationRequest,com.google.android.gms.location.LocationRequest setInterval(long),com.cuebiq.cuebiqsdk.locationhelper.FusedLocationManager,com.google.android.gms.location.LocationRequest createLocationRequest(com.cuebiq.cuebiqsdk.model.config.Settings),Variable,,,,virtualinvoke $r1.<com.google.android.gms.location.LocationRequest: com.google.android.gms.location.LocationRequest setInterval(long)>($l1)
PeelMiRemote.apk,com.duokan.phone.remotecontroller.peel.plugin,com.google.android.gms.location.LocationRequest,com.google.android.gms.location.LocationRequest setInterval(long),io.mysdk.locs.xdk.utils.FLPHelper,"com.google.android.gms.location.LocationRequest buildLocationRequestFromConfig(io.mysdk.common.config.MainConfig,int)",Variable,,,,virtualinvoke $r2.<com.google.android.gms.location.LocationRequest: com.google.android.gms.location.LocationRequest setInterval(long)>($l1)
PeelMiRemote.apk,com.duokan.phone.remotecontroller.peel.plugin,com.google.android.gms.location.LocationRequest,com.google.android.gms.location.LocationRequest setInterval(long),io.mysdk.locs.xdk.utils.FLPHelper,"com.google.android.gms.location.LocationRequest buildLocationRequestFromConfig(io.mysdk.common.config.MainConfig,int)",Variable,,,,virtualinvoke $r2.<com.google.android.gms.location.LocationRequest: com.google.android.gms.location.LocationRequest setInterval(long)>($l1)
PeelMiRemote.apk,com.duokan.phone.remotecontroller.peel.plugin,com.google.android.gms.location.LocationRequest,com.google.android.gms.location.LocationRequest setInterval(long),com.peel.srv.util.h,com.google.android.gms.location.LocationRequest c(),600000,,,,virtualinvoke $r0.<com.google.android.gms.location.LocationRequest: com.google.android.gms.location.LocationRequest setInterval(long)>(600000L)
PeelMiRemote.apk,com.duokan.phone.remotecontroller.peel.plugin,com.google.android.gms.location.FusedLocationProviderClient,"com.google.android.gms.tasks.Task requestLocationUpdates(com.google.android.gms.location.LocationRequest,android.app.PendingIntent)",com.cuebiq.cuebiqsdk.locationhelper.FusedLocationManager,"void startFusedLocationClient(com.google.android.gms.location.LocationRequest,android.app.PendingIntent)",,,,,"virtualinvoke $r3.<com.google.android.gms.location.FusedLocationProviderClient: com.google.android.gms.tasks.Task requestLocationUpdates(com.google.android.gms.location.LocationRequest,android.app.PendingIntent)>($r2, $r1)"
PeelMiRemote.apk,com.duokan.phone.remotecontroller.peel.plugin,com.google.android.gms.location.FusedLocationProviderClient,"com.google.android.gms.tasks.Task requestLocationUpdates(com.google.android.gms.location.LocationRequest,android.app.PendingIntent)",com.peel.srv.util.h,"void a(android.content.Context,boolean)",,,,,"virtualinvoke $r4.<com.google.android.gms.location.FusedLocationProviderClient: com.google.android.gms.tasks.Task requestLocationUpdates(com.google.android.gms.location.LocationRequest,android.app.PendingIntent)>($r5, $r6)"
PeelMiRemote.apk,com.duokan.phone.remotecontroller.peel.plugin,android.location.LocationManager,"void requestLocationUpdates(java.lang.String,long,float,android.location.LocationListener)",com.peel.setup.LocationService,void a(com.peel.util.c$c),750,3.0,,,"virtualinvoke $r5.<android.location.LocationManager: void requestLocationUpdates(java.lang.String,long,float,android.location.LocationListener)>(""network"", 750L, 3.0F, r0)"
PeelMiRemote.apk,com.duokan.phone.remotecontroller.peel.plugin,android.location.LocationManager,"void requestLocationUpdates(java.lang.String,long,float,android.location.LocationListener)",com.peel.setup.LocationService,void a(com.peel.util.c$c),750,3.0,,,"virtualinvoke $r5.<android.location.LocationManager: void requestLocationUpdates(java.lang.String,long,float,android.location.LocationListener)>(""gps"", 750L, 3.0F, r0)"
PeelMiRemote.apk,com.duokan.phone.remotecontroller.peel.plugin,android.location.LocationManager,void requestSingleUpdate\(.*\),com.cuebiq.cuebiqsdk.locationhelper.LocationManagerHelper,"void getLocation(com.cuebiq.cuebiqsdk.model.config.Settings,com.cuebiq.cuebiqsdk.locationhelper.LocationManagerHelper$OnLocationListener)",,,,,"virtualinvoke $r8.<android.location.LocationManager: void requestSingleUpdate(java.lang.String,android.location.LocationListener,android.os.Looper)>($r9, r0, $r10)"
PeelMiRemote.apk,com.duokan.phone.remotecontroller.peel.plugin,android.location.LocationManager,void requestSingleUpdate\(.*\),com.pure.internal.g.c$a,"void a(android.location.LocationManager,com.google.android.gms.location.LocationCallback)",,,,,"virtualinvoke $r0.<android.location.LocationManager: void requestSingleUpdate(android.location.Criteria,android.location.LocationListener,android.os.Looper)>($r1, $r4, $r3)"
base.apk,uk.co.aifactory.chessfree,android.location.LocationManager,void requestSingleUpdate\(.*\),com.inmobi.media.hz,void b(),,,,,"virtualinvoke $r4.<android.location.LocationManager: void requestSingleUpdate(java.lang.String,android.location.LocationListener,android.os.Looper)>($r6, r0, $r8)"
